TIME,DATE,FILE NAME,SITE NAME,FAULT CODE,PHYCOCYANIN (RFU)-14C102008,BAROMETER (MMHG)-24C102759,CHLOROPHYLL (RFU)-14C102008,COND (µS/CM)-15F102368,SP COND (µS/CM)-15F102368,TDS (MG/L)-15F102368,SAL (PSU)-15F102368,NLFCOND (µS/CM)-15F102368,DO (% SAT)-13C101369,DO (MG/L)-13C101369,DO (% CB)-13C101369,GPS LATITUDE (°)-24C102759,GPS LONGITUDE (°)-24C102759,ALTITUDE (M)-24C102759,CABLE POWER (VOLT)-24C102759,BATTERY POWER (VOLT)-24C102759,TEMP (°C)-15F102368,
11:03:01 AM,8/5/2026,260805-110259-Mohonk.bin,Mohonk,0,1.02,733.4,0.58,72.6,112.9,73,0.05,114.7,5.7,0.71,5.8,41.76791,-74.15556,381.0,11.9,2.00,6.318,
11:02:37 AM,8/5/2026,260805-110234-Mohonk.bin,Mohonk,0,0.52,733.4,0.14,71.5,111.1,72,0.05,112.9,6.8,0.84,6.9,41.76802,-74.15563,392.0,11.9,2.00,6.370,
11:02:11 AM,8/5/2026,260805-110209-Mohonk.bin,Mohonk,0,0.55,733.4,0.18,70.6,109.3,71,0.05,111.1,8.9,1.09,9.0,41.76795,-74.15565,399.9,11.9,2.00,6.455,
11:01:35 AM,8/5/2026,260805-110132-Mohonk.bin,Mohonk,0,0.54,733.4,0.26,70.0,107.6,70,0.05,109.4,14.6,1.78,14.9,41.76799,-74.15571,420.2,11.9,2.00,6.715,
11:01:08 AM,8/5/2026,260805-110106-Mohonk.bin,Mohonk,0,0.56,733.4,0.27,69.8,107.1,70,0.05,108.8,21.6,2.63,22.0,41.76786,-74.15556,378.6,11.9,2.00,6.775,
11:00:59 AM,8/5/2026,260805-110056-Mohonk.bin,Mohonk,0,0.53,733.5,0.33,69.6,106.5,69,0.05,108.3,24.2,2.94,24.6,41.76788,-74.15558,378.6,11.9,2.00,6.852,
11:00:34 AM,8/5/2026,260805-110031-Mohonk.bin,Mohonk,0,0.54,733.4,0.41,69.2,105.5,69,0.05,107.2,31.9,3.87,32.5,41.76789,-74.15557,381.5,11.9,2.00,7.015,
11:00:07 AM,8/5/2026,260805-110004-Mohonk.bin,Mohonk,0,0.59,733.5,0.43,69.3,104.4,68,0.05,106.2,39.8,4.79,40.7,41.76791,-74.15556,382.0,12.0,2.00,7.375,
10:59:43 AM,8/5/2026,260805-105940-Mohonk.bin,Mohonk,0,0.60,733.4,0.60,69.4,104.3,68,0.05,106.0,45.1,5.41,46.1,41.76793,-74.15554,383.6,11.9,2.00,7.522,
10:59:18 AM,8/5/2026,260805-105915-Mohonk.bin,Mohonk,0,0.61,733.4,0.60,69.6,104.0,68,0.05,105.8,50.9,6.08,52.0,41.76793,-74.15557,382.4,11.9,2.00,7.658,
10:58:47 AM,8/5/2026,260805-105845-Mohonk.bin,Mohonk,0,0.65,733.3,0.60,69.9,103.6,67,0.05,105.4,57.6,6.82,58.7,41.76787,-74.15559,379.4,11.9,2.00,7.943,
10:58:23 AM,8/5/2026,260805-105820-Mohonk.bin,Mohonk,0,0.60,733.4,0.65,70.2,103.2,67,0.05,105.0,64.6,7.60,65.9,41.76789,-74.15556,381.9,11.9,2.00,8.247,
10:57:58 AM,8/5/2026,260805-105755-Mohonk.bin,Mohonk,0,0.66,733.4,0.93,70.7,102.9,67,0.05,104.7,72.5,8.46,73.9,41.76789,-74.15557,386.8,11.9,2.00,8.597,
10:57:25 AM,8/5/2026,260805-105723-Mohonk.bin,Mohonk,0,0.57,733.4,0.82,71.5,103.2,67,0.05,105.0,82.0,9.50,83.7,41.76793,-74.15557,395.4,11.9,2.00,8.920,
10:56:59 AM,8/5/2026,260805-105656-Mohonk.bin,Mohonk,0,0.56,733.3,0.86,72.1,102.4,67,0.05,104.3,89.4,10.21,91.2,41.76791,-74.15559,394.5,11.9,2.00,9.501,
10:56:31 AM,8/5/2026,260805-105628-Mohonk.bin,Mohonk,0,0.55,733.4,0.90,72.9,102.3,67,0.05,104.1,95.4,10.78,97.4,41.76791,-74.15559,395.2,11.9,2.00,9.959,
10:56:07 AM,8/5/2026,260805-105604-Mohonk.bin,Mohonk,0,0.47,733.4,0.82,73.8,102.1,66,0.05,104.0,99.1,11.06,101.1,41.76786,-74.15566,395.9,11.9,2.00,10.460,
10:55:38 AM,8/5/2026,260805-105536-Mohonk.bin,Mohonk,0,0.38,733.4,0.60,74.5,102.6,67,0.05,104.5,103.7,11.52,105.8,41.76795,-74.15558,397.0,11.9,2.00,10.657,
10:55:08 AM,8/5/2026,260805-105505-Mohonk.bin,Mohonk,0,0.33,733.4,0.63,76.1,102.6,67,0.05,104.4,107.3,11.70,109.4,41.76796,-74.15559,398.5,11.9,2.00,11.458,
10:54:45 AM,8/5/2026,260805-105442-Mohonk.bin,Mohonk,0,0.24,733.3,0.49,77.2,102.9,67,0.05,104.7,110.3,11.91,112.5,41.76795,-74.15557,393.8,11.9,2.00,11.905,
10:54:17 AM,8/5/2026,260805-105414-Mohonk.bin,Mohonk,0,0.15,733.3,0.43,79.0,103.5,67,0.05,105.3,114.2,12.14,116.5,41.76795,-74.15558,396.4,11.9,2.00,12.592,
10:53:51 AM,8/5/2026,260805-105348-Mohonk.bin,Mohonk,0,0.04,733.4,0.35,81.1,104.8,68,0.05,106.5,116.5,12.22,118.9,41.76794,-74.15557,394.7,11.9,2.00,13.193,
10:53:23 AM,8/5/2026,260805-105320-Mohonk.bin,Mohonk,0,-0.01,733.3,0.31,84.2,105.1,68,0.05,106.7,118.0,12.00,120.4,41.76793,-74.15558,391.9,11.9,2.00,14.588,
10:52:54 AM,8/5/2026,260805-105252-Mohonk.bin,Mohonk,0,-0.11,733.3,0.26,86.7,105.0,68,0.05,106.5,119.4,11.81,121.8,41.76788,-74.15557,389.0,11.9,2.00,15.861,
10:52:28 AM,8/5/2026,260805-105225-Mohonk.bin,Mohonk,0,-0.11,733.3,0.24,89.3,105.1,68,0.05,106.4,123.1,11.86,125.5,41.76792,-74.15557,393.1,12.0,2.00,17.130,
10:52:00 AM,8/5/2026,260805-105158-Mohonk.bin,Mohonk,0,-0.20,733.4,0.22,91.1,105.0,68,0.05,106.2,121.1,11.44,123.5,41.76791,-74.15565,401.7,11.9,2.00,18.077,
10:51:33 AM,8/5/2026,260805-105130-Mohonk.bin,Mohonk,0,-0.23,733.4,0.27,93.9,105.3,68,0.05,106.3,115.4,10.63,117.7,41.76799,-74.15571,407.7,12.0,2.00,19.332,
10:51:10 AM,8/5/2026,260805-105108-Mohonk.bin,Mohonk,0,-0.24,733.3,0.30,95.7,105.5,69,0.05,106.4,111.1,10.08,113.4,41.76789,-74.15560,383.8,11.9,2.00,20.124,
10:50:40 AM,8/5/2026,260805-105038-Mohonk.bin,Mohonk,0,-0.28,733.3,0.33,97.1,105.7,69,0.05,106.5,104.9,9.40,107.1,41.76784,-74.15556,375.5,12.0,2.00,20.743,
10:50:05 AM,8/5/2026,260805-105002-Mohonk.bin,Mohonk,0,-0.34,733.3,0.33,98.5,104.8,68,0.05,105.5,96.1,8.43,98.0,41.76788,-74.15556,378.7,12.0,2.00,21.817,
10:49:32 AM,8/5/2026,260805-104929-Mohonk.bin,Mohonk,0,-0.28,733.3,0.36,98.7,103.2,67,0.05,103.6,94.4,8.14,96.3,41.76788,-74.15559,385.9,11.9,2.00,22.747,
10:49:04 AM,8/5/2026,260805-104902-Mohonk.bin,Mohonk,0,-0.37,733.4,0.32,99.1,102.9,67,0.05,103.3,95.5,8.18,97.4,41.76785,-74.15561,383.8,11.9,2.00,23.064,
10:48:40 AM,8/5/2026,260805-104837-Mohonk.bin,Mohonk,0,-0.37,733.3,0.34,99.6,102.8,67,0.05,103.1,96.5,8.22,98.4,41.76786,-74.15561,387.3,11.9,2.00,23.351,
10:48:12 AM,8/5/2026,260805-104809-Mohonk.bin,Mohonk,0,-0.46,733.3,0.23,98.7,101.3,66,0.05,101.5,98.6,8.35,100.6,41.76787,-74.15556,383.3,11.9,2.00,23.655,
10:47:46 AM,8/5/2026,260805-104743-Mohonk.bin,Mohonk,0,-0.44,733.3,0.25,98.1,100.5,65,0.05,100.8,99.6,8.42,101.6,41.76784,-74.15553,367.2,12.0,2.00,23.756,
10:47:14 AM,8/5/2026,260805-104712-Mohonk.bin,Mohonk,0,-0.41,733.3,0.28,98.2,100.5,65,0.05,100.8,99.9,8.44,101.9,41.76786,-74.15552,366.5,11.9,2.00,23.790,
10:46:48 AM,8/5/2026,260805-104645-Mohonk.bin,Mohonk,0,-0.48,733.3,0.21,98.3,100.5,65,0.05,100.7,100.3,8.47,102.4,41.76785,-74.15552,360.6,11.9,2.00,23.832,
10:46:14 AM,8/5/2026,260805-104612-Mohonk.bin,Mohonk,0,-0.45,733.3,0.22,98.5,100.6,65,0.05,100.8,100.6,8.49,102.6,41.76780,-74.15553,354.8,12.0,2.00,23.881,
10:45:49 AM,8/5/2026,260805-104546-Mohonk.bin,Mohonk,0,-0.49,733.3,0.19,98.6,100.7,65,0.05,100.9,100.8,8.49,102.8,41.76786,-74.15553,368.5,12.0,2.00,23.949,
10:45:22 AM,8/5/2026,260805-104520-Mohonk.bin,Mohonk,0,-0.51,733.3,0.17,98.8,100.7,65,0.05,100.9,100.8,8.48,102.8,41.76785,-74.15556,365.8,12.0,1.99,24.010,
10:44:56 AM,8/5/2026,260805-104453-Mohonk.bin,Mohonk,0,-0.50,733.3,0.18,99.2,101.0,66,0.05,101.2,100.4,8.44,102.4,0.00000,0.00000,0.0,11.9,1.99,24.062,
10:44:32 AM,8/5/2026,260805-104430-Mohonk.bin,Mohonk,0,-0.55,733.3,0.14,99.3,101.1,66,0.05,101.2,100.0,8.40,102.0,41.76782,-74.15556,0.0,12.0,1.99,24.090,
10:44:02 AM,8/5/2026,260805-104359-Mohonk.bin,Mohonk,0,-0.51,733.3,0.15,99.3,101.0,66,0.05,101.2,99.9,8.38,101.9,0.00000,0.00000,0.0,12.0,1.99,24.126,
10:43:26 AM,8/5/2026,260805-104324-Mohonk.bin,Mohonk,0,-0.51,733.3,0.16,99.4,101.1,66,0.05,101.2,99.8,8.38,101.8,41.76789,-74.15552,380.4,12.0,1.99,24.152,
10:43:00 AM,8/5/2026,260805-104258-Mohonk.bin,Mohonk,0,-0.52,733.3,0.16,99.5,101.1,66,0.05,101.2,99.8,8.37,101.8,41.76788,-74.15562,382.4,11.9,1.99,24.179,
10:42:28 AM,8/5/2026,260805-104225-Mohonk.bin,Mohonk,0,-0.55,733.2,0.13,99.5,101.1,66,0.05,101.2,99.9,8.38,102.0,41.76789,-74.15548,382.1,12.0,1.99,24.207,
10:42:02 AM,8/5/2026,260805-104200-Mohonk.bin,Mohonk,0,-0.52,733.2,0.12,99.5,101.0,66,0.05,101.2,100.0,8.39,102.0,41.76790,-74.15552,380.3,11.9,1.99,24.210,
10:41:29 AM,8/5/2026,260805-104126-Mohonk.bin,Mohonk,0,-0.54,733.3,0.15,99.5,101.0,66,0.05,101.2,100.1,8.39,102.1,41.76787,-74.15551,379.3,12.0,1.99,24.215,
10:41:00 AM,8/5/2026,260805-104058-Mohonk.bin,Mohonk,0,-0.53,733.3,0.11,99.6,101.1,66,0.05,101.3,100.0,8.38,102.0,0.00000,0.00000,0.0,12.0,1.99,24.216,
10:40:31 AM,8/5/2026,260805-104028-Mohonk.bin,Mohonk,0,-0.52,733.3,0.09,99.4,101.0,66,0.05,101.1,99.9,8.38,101.9,0.00000,0.00000,0.0,12.0,1.99,24.201,
2:04:26 PM,7/29/2026,260729-140423-Mohonk.bin,Mohonk,0,2.17,718.3,0.44,71.2,110.7,72,0.05,112.5,5.9,0.73,6.1,41.76791,-74.15559,381.8,11.9,2.33,6.302,
2:03:58 PM,7/29/2026,260729-140355-Mohonk.bin,Mohonk,0,0.47,718.4,0.14,69.8,108.4,70,0.05,110.1,7.5,0.93,7.7,41.76791,-74.15556,381.3,11.9,2.33,6.367,
2:03:31 PM,7/29/2026,260729-140329-Mohonk.bin,Mohonk,0,0.47,718.4,0.14,69.5,107.6,70,0.05,109.4,10.2,1.25,10.4,41.76793,-74.15556,385.9,11.9,2.34,6.471,
2:03:03 PM,7/29/2026,260729-140300-Mohonk.bin,Mohonk,0,0.53,718.4,0.25,69.7,107.3,70,0.05,109.0,14.3,1.75,14.6,41.76788,-74.15558,378.4,11.9,2.34,6.643,
2:02:29 PM,7/29/2026,260729-140226-Mohonk.bin,Mohonk,0,0.57,718.4,0.30,69.4,106.4,69,0.05,108.2,20.9,2.55,21.4,41.76790,-74.15557,368.3,11.9,2.34,6.799,
2:02:17 PM,7/29/2026,260729-140214-Mohonk.bin,Mohonk,0,0.59,718.4,0.34,69.4,106.2,69,0.05,107.9,22.2,2.71,22.7,41.76789,-74.15558,368.8,11.9,2.34,6.862,
2:01:47 PM,7/29/2026,260729-140145-Mohonk.bin,Mohonk,0,0.50,718.5,0.31,69.7,106.2,69,0.05,108.0,27.4,3.32,27.9,41.76789,-74.15553,366.2,11.9,2.34,7.038,
2:01:17 PM,7/29/2026,260729-140115-Mohonk.bin,Mohonk,0,0.52,718.3,0.37,69.8,105.9,69,0.05,107.7,35.9,4.34,36.6,41.76787,-74.15556,366.5,11.9,2.34,7.163,
2:00:54 PM,7/29/2026,260729-140051-Mohonk.bin,Mohonk,0,0.60,718.4,0.52,69.1,104.2,68,0.05,105.9,45.5,5.47,46.4,41.76786,-74.15556,366.0,11.9,2.34,7.361,
2:00:21 PM,7/29/2026,260729-140018-Mohonk.bin,Mohonk,0,0.58,718.4,0.55,69.0,103.3,67,0.05,105.1,54.0,6.46,55.1,41.76786,-74.15556,369.1,11.9,2.34,7.600,
1:59:52 PM,7/29/2026,260729-135950-Mohonk.bin,Mohonk,0,0.67,718.4,0.82,68.6,102.0,66,0.05,103.7,62.6,7.44,63.9,41.76786,-74.15556,368.0,11.9,2.34,7.845,
1:59:18 PM,7/29/2026,260729-135916-Mohonk.bin,Mohonk,0,0.63,718.4,0.65,68.9,101.6,66,0.05,103.3,69.6,8.22,71.1,41.76782,-74.15556,365.8,11.9,2.34,8.146,
1:58:49 PM,7/29/2026,260729-135846-Mohonk.bin,Mohonk,0,0.60,718.4,0.71,69.3,101.3,66,0.05,103.1,74.7,8.74,76.2,41.76786,-74.15553,364.8,11.9,2.34,8.468,
1:58:19 PM,7/29/2026,260729-135816-Mohonk.bin,Mohonk,0,0.61,718.4,0.71,69.8,101.4,66,0.05,103.1,79.6,9.27,81.2,41.76786,-74.15558,374.2,11.9,2.34,8.699,
1:57:53 PM,7/29/2026,260729-135751-Mohonk.bin,Mohonk,0,0.58,718.4,0.83,70.4,101.4,66,0.05,103.2,85.0,9.83,86.7,41.76782,-74.15557,371.2,11.9,2.34,8.985,
1:57:17 PM,7/29/2026,260729-135714-Mohonk.bin,Mohonk,0,0.57,718.4,0.76,71.0,101.2,66,0.05,103.0,90.3,10.35,92.1,41.76779,-74.15562,374.3,11.9,2.34,9.341,
1:57:03 PM,7/29/2026,260729-135701-Mohonk.bin,Mohonk,0,0.56,718.3,0.86,71.0,101.4,66,0.05,103.2,91.9,10.54,93.7,41.76783,-74.15556,375.3,11.9,2.34,9.307,
1:56:29 PM,7/29/2026,260729-135626-Mohonk.bin,Mohonk,0,0.50,718.3,0.79,72.2,101.3,66,0.05,103.1,98.8,11.16,100.8,41.76784,-74.15560,375.9,11.9,2.34,9.959,
1:56:16 PM,7/29/2026,260729-135614-Mohonk.bin,Mohonk,0,0.48,718.3,0.67,72.2,101.2,66,0.05,103.0,99.9,11.27,101.9,41.76781,-74.15565,375.6,11.9,2.34,10.016,
1:55:48 PM,7/29/2026,260729-135545-Mohonk.bin,Mohonk,0,0.55,718.3,0.85,72.8,100.9,66,0.05,102.7,103.9,11.62,106.0,41.76781,-74.15565,375.2,11.9,2.34,10.405,
1:55:10 PM,7/29/2026,260729-135508-Mohonk.bin,Mohonk,0,0.44,718.3,0.78,73.9,101.1,66,0.05,102.9,109.3,12.07,111.5,41.76778,-74.15570,377.0,11.9,2.34,10.923,
1:54:35 PM,7/29/2026,260729-135433-Mohonk.bin,Mohonk,0,0.44,718.4,0.73,75.6,101.9,66,0.05,103.7,114.2,12.44,116.5,41.76782,-74.15562,373.6,11.9,2.34,11.491,
1:54:07 PM,7/29/2026,260729-135405-Mohonk.bin,Mohonk,0,0.37,718.4,0.88,77.4,101.8,66,0.05,103.5,116.3,12.40,118.7,41.76782,-74.15559,366.3,12.0,2.34,12.441,
1:53:32 PM,7/29/2026,260729-135330-Mohonk.bin,Mohonk,0,0.27,718.4,0.71,79.8,102.2,66,0.05,103.8,120.9,12.59,123.4,41.76789,-74.15554,375.6,11.9,2.34,13.509,
1:53:03 PM,7/29/2026,260729-135301-Mohonk.bin,Mohonk,0,0.02,718.4,0.41,82.9,103.3,67,0.05,104.9,124.6,12.65,127.1,41.76789,-74.15556,381.6,11.9,2.34,14.651,
1:52:35 PM,7/29/2026,260729-135233-Mohonk.bin,Mohonk,0,-0.06,718.4,0.38,84.5,103.1,67,0.05,104.6,124.1,12.37,126.6,41.76784,-74.15562,389.3,11.9,2.34,15.549,
1:52:04 PM,7/29/2026,260729-135202-Mohonk.bin,Mohonk,0,-0.11,718.4,0.32,86.5,102.8,67,0.05,104.2,123.8,12.03,126.2,41.76776,-74.15568,391.1,11.9,2.34,16.717,
1:51:38 PM,7/29/2026,260729-135135-Mohonk.bin,Mohonk,0,-0.16,718.4,0.22,88.5,103.4,67,0.05,104.7,124.3,11.90,126.8,41.76794,-74.15556,388.6,11.9,2.34,17.441,
1:51:06 PM,7/29/2026,260729-135104-Mohonk.bin,Mohonk,0,-0.21,718.5,0.24,91.5,103.7,67,0.05,104.8,124.2,11.56,126.7,41.76774,-74.15569,386.9,11.9,2.34,18.821,
1:50:36 PM,7/29/2026,260729-135034-Mohonk.bin,Mohonk,0,-0.24,718.5,0.35,94.0,104.1,68,0.05,105.1,120.2,10.95,122.6,41.76775,-74.15565,383.4,11.9,2.34,19.898,
1:50:06 PM,7/29/2026,260729-135003-Mohonk.bin,Mohonk,0,-0.31,718.5,0.29,97.6,105.7,69,0.05,106.5,111.8,9.97,114.1,0.00000,0.00000,0.0,11.9,2.34,20.983,
1:49:28 PM,7/29/2026,260729-134925-Mohonk.bin,Mohonk,0,-0.38,718.4,0.29,100.4,106.9,69,0.05,107.5,102.4,8.98,104.4,41.76728,-74.15585,380.4,11.9,2.34,21.812,
1:48:56 PM,7/29/2026,260729-134853-Mohonk.bin,Mohonk,0,-0.38,718.3,0.27,100.9,106.0,69,0.05,106.5,97.3,8.43,99.3,0.00000,0.00000,0.0,11.9,2.34,22.488,
1:48:28 PM,7/29/2026,260729-134825-Mohonk.bin,Mohonk,0,-0.42,718.4,0.18,97.5,101.6,66,0.05,102.0,97.2,8.35,99.1,41.76810,-74.15553,387.3,11.9,2.34,22.919,
1:48:00 PM,7/29/2026,260729-134758-Mohonk.bin,Mohonk,0,-0.37,718.4,0.25,99.3,103.0,67,0.05,103.4,97.2,8.32,99.2,41.76786,-74.15562,390.0,11.9,2.34,23.106,
1:47:31 PM,7/29/2026,260729-134728-Mohonk.bin,Mohonk,0,-0.46,718.4,0.19,97.4,100.9,66,0.05,101.2,98.9,8.45,100.9,41.76785,-74.15565,386.5,11.9,2.34,23.204,
1:46:59 PM,7/29/2026,260729-134656-Mohonk.bin,Mohonk,0,-0.46,718.4,0.18,97.7,101.0,66,0.05,101.3,98.5,8.40,100.4,41.76787,-74.15556,374.6,11.9,2.34,23.308,
1:46:29 PM,7/29/2026,260729-134626-Mohonk.bin,Mohonk,0,-0.46,718.4,0.16,98.2,101.4,66,0.05,101.7,97.3,8.29,99.2,41.76780,-74.15563,381.7,11.9,2.34,23.340,
1:45:53 PM,7/29/2026,260729-134551-Mohonk.bin,Mohonk,0,-0.49,718.3,0.17,97.2,100.2,65,0.05,100.5,96.7,8.23,98.7,41.76788,-74.15561,391.4,12.0,2.34,23.438,
1:45:24 PM,7/29/2026,260729-134522-Mohonk.bin,Mohonk,0,-0.45,718.4,0.17,97.1,100.1,65,0.05,100.4,97.3,8.28,99.3,41.76789,-74.15558,381.2,11.9,2.34,23.446,
1:44:57 PM,7/29/2026,260729-134454-Mohonk.bin,Mohonk,0,-0.50,718.4,0.17,97.1,100.0,65,0.05,100.3,97.8,8.31,99.8,41.76794,-74.15554,377.9,12.0,2.34,23.472,
1:44:29 PM,7/29/2026,260729-134426-Mohonk.bin,Mohonk,0,-0.49,718.4,0.14,96.8,99.6,65,0.05,99.9,97.5,8.28,99.5,41.76779,-74.15559,376.3,11.9,2.34,23.503,
1:44:00 PM,7/29/2026,260729-134357-Mohonk.bin,Mohonk,0,-0.52,718.4,0.15,96.7,99.5,65,0.05,99.8,97.5,8.28,99.4,41.76783,-74.15556,375.6,11.9,2.34,23.519,
1:43:31 PM,7/29/2026,260729-134328-Mohonk.bin,Mohonk,0,-0.48,718.5,0.15,95.6,98.3,64,0.05,98.6,97.4,8.27,99.4,41.76783,-74.15560,375.0,11.9,2.34,23.527,
1:43:03 PM,7/29/2026,260729-134301-Mohonk.bin,Mohonk,0,-0.46,718.5,0.16,95.4,98.1,64,0.05,98.4,97.5,8.27,99.4,41.76791,-74.15555,373.5,11.9,2.34,23.548,
1:42:39 PM,7/29/2026,260729-134236-Mohonk.bin,Mohonk,0,-0.45,718.4,0.19,95.5,98.1,64,0.05,98.4,97.7,8.29,99.7,41.76789,-74.15557,375.7,11.9,2.34,23.596,
1:42:13 PM,7/29/2026,260729-134210-Mohonk.bin,Mohonk,0,-0.45,718.4,0.17,95.5,98.1,64,0.05,98.3,97.9,8.29,99.8,41.76796,-74.15557,374.1,11.9,2.34,23.629,
1:41:46 PM,7/29/2026,260729-134143-Mohonk.bin,Mohonk,0,-0.50,718.5,0.15,95.4,97.9,64,0.05,98.2,97.9,8.29,99.9,41.76795,-74.15556,376.2,11.9,2.34,23.667,
1:41:17 PM,7/29/2026,260729-134115-Mohonk.bin,Mohonk,0,-0.47,718.6,0.16,95.3,97.8,64,0.04,98.0,98.0,8.29,99.9,41.76786,-74.15555,387.1,11.9,2.34,23.694,
1:40:40 PM,7/29/2026,260729-134037-Mohonk.bin,Mohonk,0,-0.48,718.4,0.18,95.6,97.9,64,0.05,98.1,97.9,8.28,99.9,0.00000,0.00000,0.0,11.9,2.34,23.754,
1:40:05 PM,7/29/2026,260729-134002-Mohonk.bin,Mohonk,0,-0.50,718.4,0.09,95.7,97.8,64,0.04,98.0,98.2,8.28,100.2,0.00000,0.00000,0.0,11.9,2.33,23.905,
1:39:31 PM,7/29/2026,260729-133928-Mohonk.bin,Mohonk,0,-0.49,718.5,0.10,95.8,97.8,64,0.04,98.0,98.0,8.26,100.0,0.00000,0.00000,0.0,11.9,2.33,23.919,
11:17:41 AM,7/22/2026,260722-111738-Mohonk.bin,Mohonk,0,2.59,722.1,1.39,72.5,113.4,74,0.05,115.2,5.9,0.74,6.1,41.76788,-74.15557,379.7,11.9,2.58,6.152,
11:17:11 AM,7/22/2026,260722-111709-Mohonk.bin,Mohonk,0,0.49,722.1,0.08,70.3,109.6,71,0.05,111.4,7.4,0.92,7.5,41.76787,-74.15554,382.3,11.9,2.58,6.213,
11:16:41 AM,7/22/2026,260722-111638-Mohonk.bin,Mohonk,0,0.53,722.0,0.10,70.2,108.9,71,0.05,110.7,10.5,1.30,10.7,41.76788,-74.15559,380.9,11.9,2.58,6.371,
11:16:14 AM,7/22/2026,260722-111612-Mohonk.bin,Mohonk,0,0.53,722.1,0.14,70.2,108.8,71,0.05,110.5,15.6,1.91,15.9,41.76789,-74.15559,380.1,11.9,2.58,6.450,
11:15:38 AM,7/22/2026,260722-111536-Mohonk.bin,Mohonk,0,0.50,722.2,0.18,69.0,106.4,69,0.05,108.2,25.9,3.18,26.5,41.76789,-74.15559,381.8,11.9,2.58,6.558,
11:15:02 AM,7/22/2026,260722-111459-Mohonk.bin,Mohonk,0,0.59,722.0,0.27,68.9,105.7,69,0.05,107.4,33.6,4.11,34.3,41.76786,-74.15557,383.4,11.9,2.58,6.761,
11:14:29 AM,7/22/2026,260722-111427-Mohonk.bin,Mohonk,0,0.69,722.0,0.45,68.9,105.1,68,0.05,106.8,40.7,4.94,41.5,41.76785,-74.15557,386.0,11.9,2.58,6.963,
11:13:57 AM,7/22/2026,260722-111355-Mohonk.bin,Mohonk,0,0.57,722.1,0.41,68.6,104.3,68,0.05,106.0,46.1,5.58,47.0,41.76785,-74.15556,382.4,11.9,2.58,7.082,
11:13:14 AM,7/22/2026,260722-111311-Mohonk.bin,Mohonk,0,0.58,722.0,0.45,68.9,104.0,68,0.05,105.7,52.2,6.28,53.3,41.76785,-74.15556,387.2,11.9,2.58,7.340,
11:12:37 AM,7/22/2026,260722-111235-Mohonk.bin,Mohonk,0,0.65,722.1,0.65,69.0,103.5,67,0.05,105.3,61.4,7.36,62.7,41.76788,-74.15557,386.3,11.9,2.58,7.527,
11:12:06 AM,7/22/2026,260722-111203-Mohonk.bin,Mohonk,0,0.59,722.0,0.55,69.2,102.7,67,0.05,104.5,70.3,8.35,71.7,41.76785,-74.15555,389.8,11.9,2.58,7.911,
11:11:34 AM,7/22/2026,260722-111132-Mohonk.bin,Mohonk,0,0.59,722.1,0.58,69.6,102.3,67,0.05,104.1,76.6,9.02,78.2,41.76785,-74.15555,389.2,11.9,2.58,8.237,
11:11:07 AM,7/22/2026,260722-111105-Mohonk.bin,Mohonk,0,0.62,722.1,0.71,69.9,101.9,66,0.05,103.7,81.7,9.55,83.4,41.76786,-74.15559,392.4,11.9,2.58,8.554,
11:10:37 AM,7/22/2026,260722-111034-Mohonk.bin,Mohonk,0,0.56,722.1,0.71,70.4,102.5,67,0.05,104.3,86.8,10.12,88.5,41.76791,-74.15557,386.2,11.9,2.58,8.626,
11:10:02 AM,7/22/2026,260722-111000-Mohonk.bin,Mohonk,0,0.54,722.1,0.57,70.8,102.0,66,0.05,103.8,92.5,10.70,94.4,41.76795,-74.15555,379.3,11.9,2.58,8.972,
11:09:33 AM,7/22/2026,260722-110930-Mohonk.bin,Mohonk,0,0.52,722.0,0.66,71.2,101.9,66,0.05,103.7,95.6,10.98,97.6,41.76794,-74.15556,377.3,11.9,2.58,9.249,
11:09:00 AM,7/22/2026,260722-110857-Mohonk.bin,Mohonk,0,0.49,722.1,0.66,71.9,102.3,66,0.05,104.1,99.4,11.36,101.4,41.76791,-74.15554,380.3,11.9,2.58,9.459,
11:08:23 AM,7/22/2026,260722-110821-Mohonk.bin,Mohonk,0,0.44,722.0,0.57,72.8,102.3,66,0.05,104.1,105.6,11.94,107.8,41.76783,-74.15556,376.1,11.9,2.58,9.930,
11:07:50 AM,7/22/2026,260722-110748-Mohonk.bin,Mohonk,0,0.38,722.1,0.50,74.0,102.3,67,0.05,104.1,110.1,12.27,112.3,41.76787,-74.15561,374.3,11.9,2.58,10.497,
11:07:09 AM,7/22/2026,260722-110706-Mohonk.bin,Mohonk,0,0.40,722.1,0.64,75.6,102.5,67,0.05,104.3,113.8,12.47,116.1,41.76789,-74.15561,373.5,11.9,2.58,11.264,
11:06:27 AM,7/22/2026,260722-110624-Mohonk.bin,Mohonk,0,0.38,722.1,0.67,76.6,102.1,66,0.05,103.9,117.6,12.69,120.0,41.76787,-74.15561,374.3,11.9,2.58,11.929,
11:05:51 AM,7/22/2026,260722-110548-Mohonk.bin,Mohonk,0,0.44,722.2,0.85,79.3,103.2,67,0.05,104.9,123.7,13.06,126.2,41.76785,-74.15558,381.1,11.9,2.58,12.911,
11:05:15 AM,7/22/2026,260722-110512-Mohonk.bin,Mohonk,0,0.43,722.0,1.07,81.1,103.4,67,0.05,105.1,128.1,13.29,130.7,41.76786,-74.15558,381.6,12.0,2.58,13.679,
11:04:43 AM,7/22/2026,260722-110441-Mohonk.bin,Mohonk,0,0.21,722.1,0.72,84.3,104.2,68,0.05,105.8,130.5,13.15,133.1,41.76788,-74.15557,381.5,11.9,2.58,15.003,
11:04:09 AM,7/22/2026,260722-110406-Mohonk.bin,Mohonk,0,0.25,722.0,0.86,86.6,104.0,68,0.05,105.5,130.6,12.81,133.2,41.76789,-74.15556,387.0,11.9,2.58,16.249,
11:03:26 AM,7/22/2026,260722-110323-Mohonk.bin,Mohonk,0,0.13,722.1,0.84,88.8,104.4,68,0.05,105.7,131.0,12.60,133.6,41.76788,-74.15556,389.8,11.9,2.58,17.207,
11:02:43 AM,7/22/2026,260722-110240-Mohonk.bin,Mohonk,0,-0.01,722.1,0.54,91.9,104.9,68,0.05,106.1,130.7,12.24,133.3,41.76791,-74.15561,384.8,11.9,2.58,18.501,
11:02:04 AM,7/22/2026,260722-110202-Mohonk.bin,Mohonk,0,-0.17,722.1,0.48,93.9,104.7,68,0.05,105.6,128.5,11.77,131.1,41.76786,-74.15559,386.4,11.9,2.58,19.614,
11:01:28 AM,7/22/2026,260722-110125-Mohonk.bin,Mohonk,0,-0.23,722.0,0.37,97.9,106.7,69,0.05,107.5,116.5,10.45,118.9,41.76788,-74.15559,379.2,11.9,2.58,20.670,
11:00:54 AM,7/22/2026,260722-110051-Mohonk.bin,Mohonk,0,-0.27,721.9,0.37,100.4,107.0,70,0.05,107.6,101.2,8.89,103.3,41.76790,-74.15558,384.5,11.9,2.58,21.767,
11:00:14 AM,7/22/2026,260722-110012-Mohonk.bin,Mohonk,0,-0.38,722.0,0.25,99.2,103.5,67,0.05,103.9,95.3,8.20,97.2,41.76789,-74.15556,383.6,11.9,2.58,22.831,
10:59:40 AM,7/22/2026,260722-105937-Mohonk.bin,Mohonk,0,-0.37,722.0,0.28,99.4,103.6,67,0.05,104.0,95.6,8.22,97.5,41.76789,-74.15559,383.6,11.9,2.58,22.882,
10:59:04 AM,7/22/2026,260722-105902-Mohonk.bin,Mohonk,0,-0.38,722.0,0.24,99.3,103.4,67,0.05,103.8,95.8,8.23,97.8,41.76791,-74.15559,382.4,11.9,2.58,22.915,
10:58:26 AM,7/22/2026,260722-105824-Mohonk.bin,Mohonk,0,-0.36,722.0,0.30,99.1,103.2,67,0.05,103.6,96.0,8.24,97.9,41.76797,-74.15564,382.0,11.9,2.58,22.942,
10:57:47 AM,7/22/2026,260722-105744-Mohonk.bin,Mohonk,0,-0.39,722.0,0.20,99.3,103.3,67,0.05,103.6,96.3,8.26,98.3,41.76788,-74.15559,379.6,11.9,2.58,22.979,
10:57:08 AM,7/22/2026,260722-105706-Mohonk.bin,Mohonk,0,-0.35,722.0,0.21,99.2,102.9,67,0.05,103.3,96.6,8.27,98.6,41.76785,-74.15565,382.2,11.9,2.58,23.093,
10:56:39 AM,7/22/2026,260722-105636-Mohonk.bin,Mohonk,0,-0.38,721.9,0.25,99.1,102.7,67,0.05,103.1,96.8,8.28,98.7,41.76786,-74.15559,379.8,11.9,2.58,23.160,
10:56:07 AM,7/22/2026,260722-105605-Mohonk.bin,Mohonk,0,-0.37,721.9,0.22,99.0,102.6,67,0.05,103.0,96.9,8.28,98.8,41.76791,-74.15555,378.6,11.9,2.58,23.169,
10:55:37 AM,7/22/2026,260722-105535-Mohonk.bin,Mohonk,0,-0.38,721.9,0.22,99.0,102.6,67,0.05,102.9,96.9,8.28,98.8,41.76791,-74.15557,380.3,11.9,2.58,23.173,
10:55:03 AM,7/22/2026,260722-105501-Mohonk.bin,Mohonk,0,-0.41,721.9,0.21,98.9,102.4,67,0.05,102.8,97.1,8.30,99.0,41.76787,-74.15559,380.2,11.9,2.58,23.196,
10:54:15 AM,7/22/2026,260722-105413-Mohonk.bin,Mohonk,0,-0.40,722.0,0.21,98.9,102.4,67,0.05,102.7,97.1,8.30,99.1,41.76786,-74.15542,380.0,11.9,2.58,23.204,
10:53:28 AM,7/22/2026,260722-105325-Mohonk.bin,Mohonk,0,-0.41,721.9,0.17,98.9,102.4,67,0.05,102.7,97.2,8.30,99.1,41.76786,-74.15556,380.7,11.9,2.58,23.206,
10:52:59 AM,7/22/2026,260722-105256-Mohonk.bin,Mohonk,0,-0.40,721.9,0.19,98.8,102.3,67,0.05,102.7,97.2,8.30,99.1,0.00000,0.00000,0.0,11.9,2.58,23.220,
10:52:38 AM,7/22/2026,260722-105235-Mohonk.bin,Mohonk,0,-0.42,721.9,0.15,98.8,102.3,66,0.05,102.6,97.2,8.30,99.1,0.00000,0.00000,0.0,11.9,2.58,23.222,
10:51:54 AM,7/22/2026,260722-105151-Mohonk.bin,Mohonk,0,-0.40,721.9,0.17,98.8,102.3,66,0.05,102.6,97.2,8.30,99.1,0.00000,0.00000,0.0,11.9,2.58,23.216,
10:51:11 AM,7/22/2026,260722-105108-Mohonk.bin,Mohonk,0,-0.41,721.9,0.17,98.8,102.3,66,0.05,102.6,97.2,8.30,99.2,0.00000,0.00000,0.0,11.9,2.58,23.221,
10:50:34 AM,7/22/2026,260722-105032-Mohonk.bin,Mohonk,0,-0.40,721.9,0.15,98.8,102.3,66,0.05,102.6,97.3,8.31,99.2,0.00000,0.00000,0.0,11.9,2.58,23.214,
10:50:02 AM,7/22/2026,260722-105000-Mohonk.bin,Mohonk,0,-0.36,721.9,0.17,98.8,102.3,67,0.05,102.7,97.4,8.32,99.4,0.00000,0.00000,0.0,11.9,2.58,23.210,
10:48:54 AM,7/22/2026,260722-104852-Mohonk.bin,Mohonk,0,-0.40,722.0,0.15,99.0,102.5,67,0.05,102.9,97.6,8.34,99.6,0.00000,0.00000,0.0,11.9,2.58,23.213,
10:48:42 AM,7/22/2026,260722-104840-Mohonk.bin,Mohonk,0,-0.39,722.0,0.17,99.2,102.7,67,0.05,103.0,97.7,8.34,99.6,0.00000,0.00000,0.0,11.9,2.58,23.218,
10:35:44 AM,7/15/2026,260715-103541-Mohonk.bin,Mohonk,0,5.26,725.5,3.14,75.8,119.0,77,0.06,120.9,4.6,0.57,4.7,41.76791,-74.15559,379.0,11.9,2.64,5.996,
10:35:15 AM,7/15/2026,260715-103513-Mohonk.bin,Mohonk,0,0.52,725.5,0.12,69.8,109.6,71,0.05,111.3,5.0,0.62,5.1,41.76793,-74.15566,379.2,11.9,2.64,6.016,
10:34:49 AM,7/15/2026,260715-103447-Mohonk.bin,Mohonk,0,0.49,725.5,0.10,69.3,108.6,71,0.05,110.4,5.7,0.70,5.8,41.76787,-74.15559,378.7,11.9,2.64,6.045,
10:34:22 AM,7/15/2026,260715-103420-Mohonk.bin,Mohonk,0,0.48,725.5,0.09,69.3,108.6,71,0.05,110.3,7.1,0.88,7.2,41.76789,-74.15555,377.5,11.9,2.64,6.064,
10:33:52 AM,7/15/2026,260715-103349-Mohonk.bin,Mohonk,0,0.49,725.5,0.07,69.7,108.9,71,0.05,110.6,10.0,1.24,10.2,41.76788,-74.15559,384.5,11.9,2.64,6.160,
10:33:24 AM,7/15/2026,260715-103322-Mohonk.bin,Mohonk,0,0.52,725.5,0.12,69.5,108.2,70,0.05,110.0,14.1,1.75,14.4,41.76788,-74.15557,382.8,11.9,2.64,6.270,
10:33:12 AM,7/15/2026,260715-103310-Mohonk.bin,Mohonk,0,0.49,725.5,0.14,69.4,108.0,70,0.05,109.8,16.0,1.98,16.4,41.76787,-74.15556,381.9,11.9,2.64,6.296,
10:32:46 AM,7/15/2026,260715-103243-Mohonk.bin,Mohonk,0,0.46,725.5,0.10,69.3,107.4,70,0.05,109.2,21.3,2.63,21.8,41.76785,-74.15556,380.8,11.9,2.64,6.419,
10:32:17 AM,7/15/2026,260715-103214-Mohonk.bin,Mohonk,0,0.45,725.4,0.15,69.4,107.1,70,0.05,108.8,26.7,3.28,27.3,41.76786,-74.15556,382.9,11.9,2.64,6.577,
10:32:04 AM,7/15/2026,260715-103201-Mohonk.bin,Mohonk,0,0.45,725.5,0.16,69.5,107.1,70,0.05,108.8,28.7,3.52,29.3,41.76786,-74.15556,383.4,11.9,2.64,6.604,
10:31:35 AM,7/15/2026,260715-103133-Mohonk.bin,Mohonk,0,0.43,725.4,0.17,69.9,107.2,70,0.05,108.9,34.9,4.26,35.6,41.76788,-74.15555,379.4,11.9,2.64,6.782,
10:31:09 AM,7/15/2026,260715-103106-Mohonk.bin,Mohonk,0,0.46,725.4,0.22,69.9,106.5,69,0.05,108.3,41.9,5.09,42.7,41.76788,-74.15554,380.1,11.9,2.64,6.974,
10:30:38 AM,7/15/2026,260715-103036-Mohonk.bin,Mohonk,0,0.47,725.5,0.25,69.7,105.7,69,0.05,107.4,48.8,5.89,49.8,41.76789,-74.15555,384.1,11.9,2.64,7.182,
10:30:24 AM,7/15/2026,260715-103022-Mohonk.bin,Mohonk,0,0.48,725.5,0.31,69.7,105.4,69,0.05,107.2,51.5,6.21,52.6,41.76788,-74.15556,386.2,11.9,2.64,7.250,
10:29:54 AM,7/15/2026,260715-102951-Mohonk.bin,Mohonk,0,0.50,725.4,0.37,69.6,104.7,68,0.05,106.5,59.8,7.17,61.0,41.76789,-74.15556,382.0,11.9,2.64,7.444,
10:29:27 AM,7/15/2026,260715-102925-Mohonk.bin,Mohonk,0,0.45,725.4,0.38,69.5,104.0,68,0.05,105.7,67.1,8.01,68.4,41.76788,-74.15558,382.8,11.9,2.64,7.647,
10:29:00 AM,7/15/2026,260715-102857-Mohonk.bin,Mohonk,0,0.42,725.4,0.40,69.6,103.4,67,0.05,105.2,75.4,8.95,76.9,41.76787,-74.15560,378.9,11.9,2.64,7.879,
10:28:25 AM,7/15/2026,260715-102823-Mohonk.bin,Mohonk,0,0.46,725.4,0.53,69.9,102.3,67,0.05,104.1,86.1,10.10,87.8,41.76788,-74.15561,384.9,11.9,2.64,8.386,
10:27:56 AM,7/15/2026,260715-102754-Mohonk.bin,Mohonk,0,0.47,725.5,0.63,70.6,102.2,66,0.05,104.0,96.7,11.23,98.6,41.76788,-74.15558,381.2,11.9,2.64,8.797,
10:27:30 AM,7/15/2026,260715-102728-Mohonk.bin,Mohonk,0,0.38,725.4,0.46,71.9,102.5,67,0.05,104.3,105.5,12.09,107.6,41.76787,-74.15557,381.4,11.9,2.64,9.366,
10:27:04 AM,7/15/2026,260715-102701-Mohonk.bin,Mohonk,0,0.36,725.4,0.51,73.3,101.7,66,0.05,103.5,112.4,12.57,114.7,41.76788,-74.15559,380.0,11.9,2.64,10.389,
10:26:38 AM,7/15/2026,260715-102635-Mohonk.bin,Mohonk,0,0.36,725.4,0.46,74.2,101.8,66,0.05,103.6,115.3,12.77,117.7,41.76790,-74.15559,384.2,11.9,2.64,10.802,
10:25:50 AM,7/15/2026,260715-102548-Mohonk.bin,Mohonk,0,0.29,725.4,0.47,75.8,102.1,66,0.05,103.9,119.1,12.97,121.5,41.76790,-74.15559,383.2,11.9,2.64,11.531,
10:25:24 AM,7/15/2026,260715-102522-Mohonk.bin,Mohonk,0,0.28,725.4,0.53,76.9,102.0,66,0.05,103.8,121.2,13.02,123.6,41.76787,-74.15559,384.4,11.9,2.64,12.129,
10:24:57 AM,7/15/2026,260715-102455-Mohonk.bin,Mohonk,0,0.24,725.5,0.46,77.9,102.5,67,0.05,104.2,123.4,13.15,125.8,41.76787,-74.15560,384.4,11.9,2.64,12.471,
10:24:22 AM,7/15/2026,260715-102419-Mohonk.bin,Mohonk,0,0.15,725.4,0.41,79.2,102.6,67,0.05,104.3,125.7,13.22,128.2,41.76791,-74.15561,386.8,11.9,2.64,13.074,
10:23:50 AM,7/15/2026,260715-102348-Mohonk.bin,Mohonk,0,0.16,725.4,0.47,81.9,103.4,67,0.05,105.1,127.4,13.10,130.0,41.76788,-74.15557,381.1,11.9,2.64,14.103,
10:23:20 AM,7/15/2026,260715-102317-Mohonk.bin,Mohonk,0,0.08,725.5,0.56,84.2,104.1,68,0.05,105.7,126.7,12.78,129.2,41.76788,-74.15562,387.5,11.9,2.64,14.956,
10:22:55 AM,7/15/2026,260715-102253-Mohonk.bin,Mohonk,0,0.04,725.5,0.55,86.6,104.5,68,0.05,106.0,125.6,12.39,128.2,41.76788,-74.15565,391.7,11.9,2.64,16.040,
10:22:28 AM,7/15/2026,260715-102225-Mohonk.bin,Mohonk,0,-0.12,725.5,0.43,90.3,106.3,69,0.05,107.7,123.9,11.94,126.4,41.76786,-74.15565,394.9,11.9,2.64,17.124,
10:22:00 AM,7/15/2026,260715-102157-Mohonk.bin,Mohonk,0,-0.14,725.5,0.48,93.4,106.0,69,0.05,107.1,124.0,11.55,126.5,41.76788,-74.15558,385.2,11.9,2.64,18.767,
10:21:35 AM,7/15/2026,260715-102133-Mohonk.bin,Mohonk,0,-0.16,725.6,0.64,95.1,105.1,68,0.05,106.0,125.2,11.38,127.7,41.76789,-74.15553,381.3,11.9,2.64,20.027,
10:21:06 AM,7/15/2026,260715-102103-Mohonk.bin,Mohonk,0,-0.27,725.5,0.40,96.5,105.1,68,0.05,105.9,121.9,10.92,124.4,41.76790,-74.15559,384.0,11.9,2.64,20.734,
10:20:25 AM,7/15/2026,260715-102023-Mohonk.bin,Mohonk,0,-0.34,725.4,0.42,97.9,105.1,68,0.05,105.8,115.1,10.17,117.4,41.76788,-74.15558,381.5,11.9,2.64,21.417,
10:19:55 AM,7/15/2026,260715-101953-Mohonk.bin,Mohonk,0,-0.41,725.5,0.31,100.6,105.6,69,0.05,106.1,103.9,8.99,106.0,41.76789,-74.15556,380.0,11.9,2.64,22.504,
10:19:31 AM,7/15/2026,260715-101928-Mohonk.bin,Mohonk,0,-0.56,725.5,0.17,102.8,104.2,68,0.05,104.3,97.2,8.14,99.2,41.76787,-74.15562,385.6,11.9,2.64,24.297,
10:19:05 AM,7/15/2026,260715-101903-Mohonk.bin,Mohonk,0,-0.57,725.5,0.11,103.2,103.7,67,0.05,103.8,96.5,8.01,98.4,41.76787,-74.15565,388.5,11.9,2.64,24.700,
10:18:39 AM,7/15/2026,260715-101837-Mohonk.bin,Mohonk,0,-0.58,725.5,0.11,103.2,103.7,67,0.05,103.8,96.4,8.01,98.4,41.76794,-74.15565,391.2,11.9,2.64,24.704,
10:18:14 AM,7/15/2026,260715-101812-Mohonk.bin,Mohonk,0,-0.59,725.5,0.09,103.2,103.7,67,0.05,103.8,96.3,8.00,98.3,41.76789,-74.15563,388.6,11.9,2.64,24.721,
10:17:44 AM,7/15/2026,260715-101742-Mohonk.bin,Mohonk,0,-0.60,725.5,0.10,103.3,103.8,67,0.05,103.8,96.3,7.99,98.2,41.76789,-74.15560,384.8,11.9,2.64,24.748,
10:17:14 AM,7/15/2026,260715-101711-Mohonk.bin,Mohonk,0,-0.61,725.5,0.12,103.2,103.7,67,0.05,103.8,96.3,7.99,98.2,41.76791,-74.15561,384.3,11.9,2.64,24.754,
10:16:37 AM,7/15/2026,260715-101635-Mohonk.bin,Mohonk,0,-0.61,725.4,0.10,103.3,103.8,67,0.05,103.8,96.2,7.98,98.1,41.76797,-74.15562,384.8,11.9,2.64,24.763,
10:16:10 AM,7/15/2026,260715-101608-Mohonk.bin,Mohonk,0,-0.61,725.4,0.09,103.3,103.8,67,0.05,103.8,96.2,7.98,98.1,41.76791,-74.15560,384.8,11.9,2.64,24.770,
10:15:43 AM,7/15/2026,260715-101540-Mohonk.bin,Mohonk,0,-0.61,725.5,0.12,103.3,103.8,67,0.05,103.8,96.2,7.98,98.1,41.76784,-74.15560,388.3,11.9,2.64,24.767,
10:15:15 AM,7/15/2026,260715-101513-Mohonk.bin,Mohonk,0,-0.62,725.5,0.09,103.4,103.8,67,0.05,103.9,96.1,7.97,98.1,41.76780,-74.15565,396.9,11.9,2.64,24.783,
10:14:51 AM,7/15/2026,260715-101449-Mohonk.bin,Mohonk,0,-0.58,725.5,0.09,103.4,103.8,67,0.05,103.9,96.1,7.97,98.0,41.76785,-74.15573,406.6,11.9,2.64,24.810,
10:14:27 AM,7/15/2026,260715-101424-Mohonk.bin,Mohonk,0,-0.63,725.5,0.08,103.5,103.9,68,0.05,103.9,96.0,7.95,97.9,41.76783,-74.15568,400.6,11.9,2.64,24.819,
10:14:00 AM,7/15/2026,260715-101358-Mohonk.bin,Mohonk,0,-0.63,725.5,0.05,103.6,103.9,68,0.05,103.9,95.6,7.93,97.6,41.76788,-74.15564,393.6,11.9,2.64,24.828,
10:13:29 AM,7/15/2026,260715-101327-Mohonk.bin,Mohonk,0,-0.63,725.5,0.10,103.7,103.9,68,0.05,104.0,95.5,7.91,97.4,41.76795,-74.15559,387.2,11.9,2.64,24.881,
10:13:01 AM,7/15/2026,260715-101259-Mohonk.bin,Mohonk,0,-0.64,725.5,0.05,103.7,103.9,68,0.05,103.9,95.6,7.91,97.6,41.76794,-74.15561,386.4,11.9,2.64,24.913,
10:12:32 AM,7/15/2026,260715-101229-Mohonk.bin,Mohonk,0,-0.63,725.5,0.04,103.8,103.9,68,0.05,103.9,95.7,7.91,97.6,41.76800,-74.15564,388.2,11.9,2.64,24.950,
10:12:04 AM,7/15/2026,260715-101201-Mohonk.bin,Mohonk,0,-0.63,725.5,0.07,103.7,103.9,68,0.05,103.9,95.7,7.91,97.6,41.76798,-74.15569,393.9,11.9,2.64,24.939,
10:10:31 AM,7/15/2026,260715-101029-Osiris.bin,Osiris,0,-0.55,725.5,0.12,102.9,103.4,67,0.05,103.4,96.5,8.01,98.5,41.76788,-74.15562,387.0,11.9,2.64,24.760,
10:10:16 AM,7/15/2026,260715-101013-Osiris.bin,Osiris,0,-0.55,725.5,0.10,102.9,103.4,67,0.05,103.4,96.4,8.00,98.4,41.76787,-74.15560,384.5,11.9,2.64,24.759,
10:09:39 AM,7/15/2026,260715-100937-Osiris.bin,Osiris,0,-0.57,725.5,0.09,102.9,103.3,67,0.05,103.4,96.5,8.00,98.4,41.76790,-74.15565,390.5,11.9,2.64,24.763,
10:08:55 AM,7/15/2026,260715-100853-Osiris.bin,Osiris,0,-0.54,725.3,0.10,102.5,102.9,67,0.05,103.0,96.4,8.00,98.4,41.76784,-74.15559,389.9,11.9,2.64,24.785,
10:08:26 AM,7/15/2026,260715-100824-Osiris.bin,Osiris,0,-0.58,725.5,0.15,102.6,103.0,67,0.05,103.0,96.3,7.98,98.2,41.76784,-74.15561,389.6,11.9,2.64,24.795,
10:07:46 AM,7/15/2026,260715-100744-Osiris.bin,Osiris,0,-0.58,725.5,0.09,102.6,102.9,67,0.05,103.0,96.0,7.95,97.9,41.76790,-74.15562,392.3,11.9,2.64,24.822,
10:07:21 AM,7/15/2026,260715-100718-Osiris.bin,Osiris,0,-0.58,725.5,0.07,102.6,102.9,67,0.05,103.0,95.8,7.94,97.7,41.76791,-74.15555,376.3,12.0,2.64,24.837,
10:06:28 AM,7/15/2026,260715-100625-Osiris.bin,Osiris,0,-0.56,725.5,0.09,102.6,102.9,67,0.05,102.9,96.0,7.95,98.0,41.76782,-74.15522,311.0,11.9,2.64,24.855,
10:05:59 AM,7/15/2026,260715-100557-Osiris.bin,Osiris,0,-0.58,725.5,0.09,102.6,102.9,67,0.05,102.9,96.2,7.97,98.1,41.76773,-74.15488,231.3,11.9,2.64,24.869,
10:05:25 AM,7/15/2026,260715-100522-Osiris.bin,Osiris,0,-0.58,725.5,0.06,102.6,102.8,67,0.05,102.8,96.2,7.97,98.2,0.00000,0.00000,0.0,11.9,2.64,24.893,
10:04:46 AM,7/15/2026,260715-100444-Osiris.bin,Osiris,0,-0.54,725.5,0.07,102.6,102.8,67,0.05,102.8,96.4,7.98,98.4,0.00000,0.00000,0.0,11.9,2.64,24.899,
10:04:18 AM,7/15/2026,260715-100415-Osiris.bin,Osiris,0,-0.55,725.4,0.06,99.0,99.1,64,0.05,99.2,96.6,7.99,98.5,0.00000,0.00000,0.0,11.9,2.64,24.908,
1:52:13 PM,7/8/2026,260708-135210-Osiris.bin,Osiris,0,56.54,752.3,13.40,409.3,483.8,314,0.23,490.2,4.0,0.38,4.0,41.57921,-74.16576,113.8,11.9,2.66,16.940,
1:51:45 PM,7/8/2026,260708-135143-Osiris.bin,Osiris,0,32.24,752.4,1.83,363.4,424.8,276,0.20,430.1,4.6,0.44,4.7,41.57922,-74.16577,113.8,11.9,2.66,17.437,
1:51:15 PM,7/8/2026,260708-135113-Osiris.bin,Osiris,0,43.17,752.3,2.31,319.9,360.1,234,0.17,363.8,5.8,0.54,5.9,41.57923,-74.16579,114.2,11.9,2.66,19.146,
1:50:50 PM,7/8/2026,260708-135047-Osiris.bin,Osiris,0,70.59,752.4,6.55,304.5,330.1,215,0.16,332.5,9.4,0.84,9.6,41.57923,-74.16579,114.4,11.9,2.66,20.946,
1:49:56 PM,7/8/2026,260708-134953-Osiris.bin,Osiris,0,92.79,752.3,3.49,274.2,283.3,184,0.13,284.2,46.0,3.92,46.9,41.57923,-74.16581,113.9,11.9,2.66,23.317,
1:49:30 PM,7/8/2026,260708-134927-Osiris.bin,Osiris,0,5.00,752.4,2.08,259.6,262.2,170,0.12,262.4,27.8,2.32,28.4,41.57922,-74.16582,112.7,11.9,2.66,24.478,
1:48:45 PM,7/8/2026,260708-134843-Osiris.bin,Osiris,0,1.90,752.4,1.54,211.8,209.4,136,0.10,209.1,76.5,6.24,78.0,41.57920,-74.16582,112.0,11.9,2.66,25.606,
1:48:16 PM,7/8/2026,260708-134814-Osiris.bin,Osiris,0,0.76,752.4,1.33,202.0,198.8,129,0.09,198.5,94.8,7.71,96.7,41.57919,-74.16584,111.7,11.9,2.66,25.848,
1:47:41 PM,7/8/2026,260708-134738-Osiris.bin,Osiris,0,0.87,752.3,1.31,202.7,199.2,129,0.09,198.9,96.3,7.82,98.3,41.57916,-74.16582,110.7,11.9,2.66,25.925,
1:47:09 PM,7/8/2026,260708-134706-Osiris.bin,Osiris,0,0.80,752.5,1.26,202.9,199.1,129,0.09,198.7,96.2,7.80,98.2,41.57915,-74.16582,109.2,11.9,2.66,26.005,
1:46:44 PM,7/8/2026,260708-134642-Osiris.bin,Osiris,0,0.78,752.4,1.27,202.7,198.6,129,0.09,198.1,97.4,7.89,99.4,41.57915,-74.16581,109.0,11.9,2.66,26.085,
1:45:53 PM,7/8/2026,260708-134550-Osiris.bin,Osiris,0,0.47,752.3,1.23,202.5,197.9,129,0.09,197.4,99.8,8.07,101.8,41.57914,-74.16577,108.9,11.9,2.66,26.204,
1:45:24 PM,7/8/2026,260708-134521-Osiris.bin,Osiris,0,0.20,752.4,1.03,202.2,197.2,128,0.09,196.6,102.4,8.25,104.4,41.57914,-74.16574,108.9,11.9,2.66,26.349,
1:44:57 PM,7/8/2026,260708-134455-Osiris.bin,Osiris,0,0.24,752.4,0.82,202.5,196.7,128,0.09,196.1,103.0,8.27,105.1,41.57914,-74.16573,109.0,11.9,2.66,26.539,
1:44:33 PM,7/8/2026,260708-134431-Osiris.bin,Osiris,0,0.11,752.3,0.66,204.6,197.9,129,0.09,197.2,102.9,8.23,105.0,41.57915,-74.16573,109.2,11.9,2.66,26.764,
1:44:05 PM,7/8/2026,260708-134402-Osiris.bin,Osiris,0,0.07,752.4,0.49,205.1,197.0,128,0.09,196.1,104.9,8.33,107.0,41.57917,-74.16570,109.5,11.9,2.66,27.152,
1:43:29 PM,7/8/2026,260708-134326-Osiris.bin,Osiris,0,0.00,752.3,0.52,207.4,197.9,129,0.09,196.9,105.3,8.32,107.5,41.57919,-74.16568,111.1,11.9,2.66,27.506,
1:43:03 PM,7/8/2026,260708-134301-Osiris.bin,Osiris,0,-0.01,752.4,0.56,211.2,199.0,129,0.09,197.7,105.1,8.19,107.2,41.57921,-74.16567,112.9,11.9,2.66,28.194,
10:43:46 AM,7/8/2026,260708-104343-Mohonk.bin,Mohonk,0,1.01,730.4,0.64,69.5,109.0,71,0.05,110.7,9.8,1.22,10.0,41.76795,-74.15562,382.6,11.9,2.66,6.041,
10:43:19 AM,7/8/2026,260708-104317-Mohonk.bin,Mohonk,0,0.45,730.4,0.07,69.3,108.5,70,0.05,110.2,12.0,1.49,12.3,41.76797,-74.15561,384.9,11.9,2.66,6.095,
10:42:54 AM,7/8/2026,260708-104252-Mohonk.bin,Mohonk,0,0.44,730.4,0.16,69.3,108.2,70,0.05,110.0,15.2,1.88,15.5,41.76799,-74.15562,382.0,11.9,2.66,6.155,
10:42:22 AM,7/8/2026,260708-104220-Mohonk.bin,Mohonk,0,0.43,730.3,0.13,69.0,107.7,70,0.05,109.4,20.6,2.55,21.0,41.76799,-74.15561,373.2,11.9,2.66,6.191,
10:41:58 AM,7/8/2026,260708-104155-Mohonk.bin,Mohonk,0,0.41,730.4,0.11,68.4,106.5,69,0.05,108.2,25.2,3.12,25.7,41.76792,-74.15552,377.8,11.9,2.66,6.289,
10:40:47 AM,7/8/2026,260708-104044-Mohonk.bin,Mohonk,0,0.38,730.5,0.12,68.7,106.7,69,0.05,108.4,30.1,3.71,30.7,41.76785,-74.15562,386.6,11.9,2.66,6.347,
10:40:21 AM,7/8/2026,260708-104019-Mohonk.bin,Mohonk,0,0.40,730.4,0.12,68.5,106.2,69,0.05,107.9,35.2,4.33,35.9,41.76788,-74.15568,384.7,11.9,2.66,6.439,
10:39:41 AM,7/8/2026,260708-103939-Mohonk.bin,Mohonk,0,0.38,730.5,0.13,68.3,105.2,68,0.05,107.0,42.1,5.16,42.9,41.76782,-74.15560,378.0,11.9,2.66,6.602,
10:39:26 AM,7/8/2026,260708-103924-Mohonk.bin,Mohonk,0,0.43,730.4,0.19,68.1,105.0,68,0.05,106.7,45.8,5.61,46.8,41.76783,-74.15559,383.6,11.9,2.66,6.639,
10:38:48 AM,7/8/2026,260708-103846-Mohonk.bin,Mohonk,0,0.39,730.4,0.23,68.0,104.0,68,0.05,105.7,56.5,6.87,57.6,41.76786,-74.15554,384.0,11.9,2.66,6.880,
10:38:18 AM,7/8/2026,260708-103816-Mohonk.bin,Mohonk,0,0.46,730.4,0.37,67.6,102.8,67,0.05,104.5,64.4,7.81,65.7,41.76785,-74.15556,384.3,11.9,2.66,7.047,
10:37:45 AM,7/8/2026,260708-103743-Mohonk.bin,Mohonk,0,0.43,730.4,0.37,67.9,102.5,67,0.05,104.3,69.0,8.31,70.4,41.76787,-74.15556,385.3,11.9,2.66,7.307,
10:37:22 AM,7/8/2026,260708-103720-Mohonk.bin,Mohonk,0,0.44,730.3,0.39,67.9,102.4,67,0.05,104.1,71.9,8.65,73.4,41.76789,-74.15559,381.0,11.9,2.66,7.370,
10:36:59 AM,7/8/2026,260708-103656-Mohonk.bin,Mohonk,0,0.40,730.4,0.34,68.1,102.1,66,0.05,103.9,76.9,9.20,78.4,41.76791,-74.15560,379.0,11.9,2.66,7.559,
10:36:19 AM,7/8/2026,260708-103617-Mohonk.bin,Mohonk,0,0.42,730.4,0.44,68.6,102.0,66,0.05,103.7,83.4,9.91,85.1,41.76789,-74.15561,369.9,11.9,2.66,7.873,
10:35:43 AM,7/8/2026,260708-103541-Mohonk.bin,Mohonk,0,0.37,730.4,0.35,69.1,102.1,66,0.05,103.9,89.9,10.62,91.7,41.76794,-74.15559,363.7,11.9,2.66,8.103,
10:35:15 AM,7/8/2026,260708-103513-Mohonk.bin,Mohonk,0,0.32,730.4,0.34,69.5,101.9,66,0.05,103.6,95.8,11.23,97.7,41.76793,-74.15562,365.1,11.9,2.66,8.386,
10:34:39 AM,7/8/2026,260708-103436-Mohonk.bin,Mohonk,0,0.31,730.4,0.38,70.7,102.0,66,0.05,103.8,102.0,11.82,104.1,41.76796,-74.15565,363.7,11.9,2.66,8.910,
10:34:07 AM,7/8/2026,260708-103405-Mohonk.bin,Mohonk,0,0.29,730.4,0.32,71.3,101.6,66,0.05,103.4,106.8,12.24,108.9,41.76800,-74.15562,369.7,11.9,2.66,9.351,
10:33:35 AM,7/8/2026,260708-103333-Mohonk.bin,Mohonk,0,0.29,730.5,0.35,72.0,101.6,66,0.05,103.4,110.0,12.49,112.2,41.76789,-74.15559,375.2,11.9,2.66,9.735,
10:33:05 AM,7/8/2026,260708-103302-Mohonk.bin,Mohonk,0,0.23,730.5,0.34,72.9,101.8,66,0.05,103.6,113.3,12.74,115.6,41.76791,-74.15559,380.8,11.9,2.66,10.136,
10:32:36 AM,7/8/2026,260708-103233-Mohonk.bin,Mohonk,0,0.21,730.4,0.35,74.0,101.7,66,0.05,103.5,117.1,12.98,119.4,41.76792,-74.15561,381.9,11.9,2.66,10.754,
10:32:08 AM,7/8/2026,260708-103206-Mohonk.bin,Mohonk,0,0.22,730.5,0.33,75.4,102.1,66,0.05,103.9,119.5,13.08,121.9,41.76817,-74.15569,382.2,11.9,2.66,11.322,
10:31:49 AM,7/8/2026,260708-103147-Mohonk.bin,Mohonk,0,0.14,730.4,0.28,75.5,102.2,66,0.05,104.0,120.0,13.12,122.4,0.00000,0.00000,0.0,11.9,2.66,11.350,
10:31:13 AM,7/8/2026,260708-103111-Mohonk.bin,Mohonk,0,0.07,730.4,0.26,77.5,102.3,66,0.05,104.0,122.6,13.11,125.1,41.76803,-74.15562,380.3,11.9,2.66,12.322,
10:30:47 AM,7/8/2026,260708-103045-Mohonk.bin,Mohonk,0,0.05,730.5,0.29,78.9,102.5,67,0.05,104.2,123.7,13.05,126.2,41.76799,-74.15565,381.8,12.0,2.66,12.963,
10:30:19 AM,7/8/2026,260708-103016-Mohonk.bin,Mohonk,0,0.05,730.4,0.28,80.6,103.2,67,0.05,104.9,124.6,12.96,127.1,41.76783,-74.15570,383.2,11.9,2.66,13.564,
10:29:50 AM,7/8/2026,260708-102948-Mohonk.bin,Mohonk,0,-0.03,730.5,0.27,82.0,103.8,67,0.05,105.4,125.1,12.88,127.6,41.76787,-74.15564,380.5,11.9,2.66,14.035,
10:29:11 AM,7/8/2026,260708-102908-Mohonk.bin,Mohonk,0,-0.06,730.4,0.29,85.6,104.3,68,0.05,105.9,125.7,12.50,128.2,41.76789,-74.15549,376.1,12.0,2.66,15.606,
10:28:41 AM,7/8/2026,260708-102838-Mohonk.bin,Mohonk,0,-0.10,730.4,0.27,88.2,104.4,68,0.05,105.7,124.1,12.02,126.6,41.76785,-74.15551,383.0,11.9,2.66,16.868,
10:28:09 AM,7/8/2026,260708-102806-Mohonk.bin,Mohonk,0,-0.14,730.4,0.27,89.8,104.2,68,0.05,105.5,121.4,11.55,123.8,41.76788,-74.15559,378.0,12.0,2.66,17.747,
10:27:41 AM,7/8/2026,260708-102738-Mohonk.bin,Mohonk,0,-0.24,730.4,0.25,91.5,104.5,68,0.05,105.6,119.1,11.15,121.5,41.76791,-74.15559,382.4,11.9,2.66,18.527,
10:27:13 AM,7/8/2026,260708-102711-Mohonk.bin,Mohonk,0,-0.28,730.4,0.19,93.1,104.3,68,0.05,105.3,115.0,10.58,117.3,41.76788,-74.15560,381.8,11.9,2.66,19.383,
10:26:38 AM,7/8/2026,260708-102635-Mohonk.bin,Mohonk,0,-0.35,730.4,0.20,95.7,104.7,68,0.05,105.5,108.0,9.72,110.1,41.76790,-74.15560,379.0,11.9,2.66,20.502,
10:26:07 AM,7/8/2026,260708-102605-Mohonk.bin,Mohonk,0,-0.40,730.4,0.14,97.7,104.9,68,0.05,105.6,102.4,9.05,104.4,41.76796,-74.15564,374.4,11.9,2.66,21.395,
10:25:33 AM,7/8/2026,260708-102531-Mohonk.bin,Mohonk,0,-0.40,730.4,0.14,98.6,103.5,67,0.05,104.0,100.0,8.65,102.0,41.76796,-74.15562,373.5,11.9,2.66,22.538,
10:25:04 AM,7/8/2026,260708-102502-Mohonk.bin,Mohonk,0,-0.51,730.4,0.08,98.5,102.7,67,0.05,103.1,94.9,8.15,96.8,41.76791,-74.15558,375.4,11.9,2.66,22.888,
10:24:26 AM,7/8/2026,260708-102424-Mohonk.bin,Mohonk,0,-0.57,730.3,0.07,97.7,101.7,66,0.05,102.1,92.6,7.96,94.5,41.76791,-74.15562,380.3,12.0,2.66,22.910,
10:23:42 AM,7/8/2026,260708-102340-Mohonk.bin,Mohonk,0,-0.55,730.4,0.06,94.6,98.5,64,0.05,98.9,92.4,7.93,94.2,41.76789,-74.15561,383.9,12.0,2.66,22.931,
10:23:15 AM,7/8/2026,260708-102312-Mohonk.bin,Mohonk,0,-0.55,730.4,0.05,94.5,98.3,64,0.05,98.7,92.9,7.97,94.7,41.76791,-74.15560,381.9,11.9,2.66,22.965,
10:22:47 AM,7/8/2026,260708-102245-Mohonk.bin,Mohonk,0,-0.54,730.4,0.05,94.2,98.0,64,0.05,98.4,93.7,8.04,95.6,41.76791,-74.15559,379.7,11.9,2.66,22.978,
10:22:20 AM,7/8/2026,260708-102217-Mohonk.bin,Mohonk,0,-0.50,730.4,0.08,94.2,98.0,64,0.05,98.3,94.1,8.07,96.0,41.76791,-74.15559,380.9,11.9,2.66,22.987,
10:21:52 AM,7/8/2026,260708-102150-Mohonk.bin,Mohonk,0,-0.54,730.4,0.08,94.2,97.9,64,0.05,98.3,94.1,8.07,96.0,41.76794,-74.15556,383.1,11.9,2.66,22.993,
10:21:12 AM,7/8/2026,260708-102110-Mohonk.bin,Mohonk,0,-0.53,730.3,0.08,94.1,97.8,64,0.05,98.2,94.6,8.11,96.5,41.76754,-74.15540,390.3,11.9,2.66,23.007,
10:20:39 AM,7/8/2026,260708-102036-Mohonk.bin,Mohonk,0,-0.57,730.3,0.06,94.0,97.7,64,0.04,98.1,94.8,8.13,96.7,41.76758,-74.15542,388.1,12.0,2.66,23.016,
10:20:12 AM,7/8/2026,260708-102010-Mohonk.bin,Mohonk,0,-0.54,730.4,0.08,93.9,97.6,63,0.04,97.9,94.9,8.14,96.8,41.76756,-74.15541,387.7,11.9,2.66,23.024,
10:19:45 AM,7/8/2026,260708-101942-Mohonk.bin,Mohonk,0,-0.54,730.3,0.04,93.6,97.3,63,0.04,97.6,95.2,8.16,97.1,41.76754,-74.15539,389.4,12.0,2.66,23.055,
10:19:17 AM,7/8/2026,260708-101915-Mohonk.bin,Mohonk,0,-0.52,730.3,0.04,93.7,97.3,63,0.04,97.6,95.3,8.16,97.2,41.76748,-74.15536,390.5,11.9,2.66,23.065,
10:18:46 AM,7/8/2026,260708-101844-Mohonk.bin,Mohonk,0,-0.55,730.3,0.05,94.1,97.6,63,0.04,97.9,95.5,8.18,97.5,0.00000,0.00000,0.0,11.9,2.66,23.099,
10:18:19 AM,7/8/2026,260708-101817-Mohonk.bin,Mohonk,0,-0.52,730.3,0.07,94.6,98.0,64,0.05,98.3,95.6,8.17,97.5,0.00000,0.00000,0.0,11.9,2.66,23.182,
10:17:54 AM,7/8/2026,260708-101752-Mohonk.bin,Mohonk,0,-0.56,730.3,0.03,94.7,97.9,64,0.05,98.2,95.9,8.18,97.8,0.00000,0.00000,0.0,11.9,2.66,23.288,
10:17:25 AM,7/8/2026,260708-101722-Mohonk.bin,Mohonk,0,-0.56,730.3,0.05,94.7,97.9,64,0.05,98.2,96.5,8.23,98.4,0.00000,0.00000,0.0,11.9,2.66,23.286,
12:16:02 PM,6/30/2026,260630-121600-Mohonk.bin,Mohonk,0,7.08,730.6,4.11,72.3,113.9,74,0.05,115.7,9.7,1.21,9.9,41.76788,-74.15554,389.5,11.9,2.68,5.878,
12:15:36 PM,6/30/2026,260630-121533-Mohonk.bin,Mohonk,0,2.01,730.6,1.14,69.7,109.7,71,0.05,111.4,11.6,1.45,11.8,41.76786,-74.15555,390.6,11.9,2.68,5.897,
12:15:05 PM,6/30/2026,260630-121503-Mohonk.bin,Mohonk,0,0.50,730.6,0.16,69.1,108.5,71,0.05,110.2,15.4,1.92,15.7,41.76785,-74.15557,388.1,11.9,2.68,5.961,
12:14:34 PM,6/30/2026,260630-121431-Mohonk.bin,Mohonk,0,0.49,730.6,0.17,68.8,108.0,70,0.05,109.7,21.6,2.69,22.1,41.76788,-74.15558,374.5,11.9,2.68,6.021,
12:14:05 PM,6/30/2026,260630-121403-Mohonk.bin,Mohonk,0,0.47,730.6,0.25,68.5,107.2,70,0.05,108.9,28.3,3.51,28.8,41.76787,-74.15559,375.4,11.9,2.68,6.107,
12:13:37 PM,6/30/2026,260630-121334-Mohonk.bin,Mohonk,0,0.52,730.6,0.27,68.5,106.9,69,0.05,108.6,33.8,4.19,34.5,41.76788,-74.15559,375.5,11.9,2.68,6.167,
12:13:03 PM,6/30/2026,260630-121301-Mohonk.bin,Mohonk,0,0.49,730.7,0.37,68.0,105.6,69,0.05,107.3,44.0,5.42,44.9,41.76793,-74.15555,374.6,11.9,2.68,6.363,
12:12:35 PM,6/30/2026,260630-121233-Mohonk.bin,Mohonk,0,0.57,730.6,0.39,68.1,105.2,68,0.05,107.0,50.4,6.18,51.4,41.76794,-74.15556,370.6,11.9,2.68,6.544,
12:12:12 PM,6/30/2026,260630-121209-Mohonk.bin,Mohonk,0,0.49,730.6,0.43,67.9,104.3,68,0.05,106.0,57.9,7.08,59.1,41.76794,-74.15556,372.4,11.9,2.68,6.746,
12:11:44 PM,6/30/2026,260630-121142-Mohonk.bin,Mohonk,0,0.49,730.6,0.44,67.8,103.3,67,0.05,105.0,69.4,8.42,70.8,41.76788,-74.15559,376.6,11.9,2.68,6.993,
12:11:19 PM,6/30/2026,260630-121117-Mohonk.bin,Mohonk,0,0.58,730.6,0.60,67.5,102.1,66,0.05,103.8,77.1,9.29,78.6,41.76784,-74.15557,382.3,11.9,2.68,7.284,
12:10:55 PM,6/30/2026,260630-121053-Mohonk.bin,Mohonk,0,0.54,730.6,0.61,67.6,101.8,66,0.05,103.5,81.8,9.82,83.5,41.76785,-74.15556,383.2,11.9,2.68,7.437,
12:10:28 PM,6/30/2026,260630-121025-Mohonk.bin,Mohonk,0,0.52,730.6,0.58,68.1,101.8,66,0.05,103.5,88.1,10.51,89.8,41.76786,-74.15555,389.0,11.9,2.68,7.682,
12:10:00 PM,6/30/2026,260630-120958-Mohonk.bin,Mohonk,0,0.51,730.8,0.47,68.7,101.8,66,0.05,103.5,93.4,11.07,95.3,41.76786,-74.15554,395.4,11.9,2.68,7.965,
12:09:45 PM,6/30/2026,260630-120943-Mohonk.bin,Mohonk,0,0.50,730.8,0.64,68.7,101.7,66,0.05,103.4,95.6,11.32,97.6,41.76784,-74.15555,396.9,11.9,2.68,8.013,
12:09:14 PM,6/30/2026,260630-120911-Mohonk.bin,Mohonk,0,0.45,730.7,0.46,69.3,101.3,66,0.05,103.1,102.0,11.95,104.1,41.76785,-74.15556,393.5,11.9,2.68,8.444,
12:08:37 PM,6/30/2026,260630-120835-Mohonk.bin,Mohonk,0,0.38,730.7,0.44,69.5,101.0,66,0.05,102.8,106.3,12.38,108.4,41.76789,-74.15556,390.1,11.9,2.68,8.652,
12:08:05 PM,6/30/2026,260630-120803-Mohonk.bin,Mohonk,0,0.40,730.7,0.41,70.6,101.1,66,0.05,102.9,111.1,12.78,113.3,41.76787,-74.15556,385.3,11.9,2.68,9.202,
12:07:31 PM,6/30/2026,260630-120729-Mohonk.bin,Mohonk,0,0.30,730.8,0.39,71.5,101.6,66,0.05,103.4,114.0,13.02,116.3,41.76789,-74.15557,382.2,11.9,2.68,9.480,
12:06:58 PM,6/30/2026,260630-120656-Mohonk.bin,Mohonk,0,0.27,730.7,0.36,72.2,101.1,66,0.05,102.9,116.8,13.17,119.1,41.76789,-74.15558,379.3,11.9,2.68,10.039,
12:06:34 PM,6/30/2026,260630-120631-Mohonk.bin,Mohonk,0,0.26,730.7,0.32,73.1,101.7,66,0.05,103.6,118.4,13.28,120.8,41.76787,-74.15559,376.6,11.9,2.68,10.277,
12:05:58 PM,6/30/2026,260630-120555-Mohonk.bin,Mohonk,0,0.21,730.8,0.38,74.0,101.3,66,0.05,103.1,121.3,13.40,123.8,41.76783,-74.15560,369.7,11.9,2.68,10.902,
12:05:31 PM,6/30/2026,260630-120528-Mohonk.bin,Mohonk,0,0.17,730.6,0.41,75.0,101.8,66,0.05,103.6,122.7,13.45,125.2,41.76784,-74.15559,373.4,11.9,2.68,11.230,
12:05:01 PM,6/30/2026,260630-120459-Mohonk.bin,Mohonk,0,0.19,730.8,0.46,78.5,102.8,67,0.05,104.6,126.6,13.46,129.2,41.76785,-74.15556,386.7,11.9,2.68,12.589,
12:04:35 PM,6/30/2026,260630-120433-Mohonk.bin,Mohonk,0,0.17,730.8,0.53,81.3,104.0,68,0.05,105.7,129.0,13.42,131.6,41.76791,-74.15553,395.9,11.9,2.68,13.542,
12:04:10 PM,6/30/2026,260630-120408-Mohonk.bin,Mohonk,0,0.08,730.8,0.44,83.0,103.3,67,0.05,104.9,129.6,13.15,132.2,41.76794,-74.15553,393.5,11.9,2.68,14.704,
12:03:36 PM,6/30/2026,260630-120333-Mohonk.bin,Mohonk,0,0.02,730.8,0.42,84.4,103.4,67,0.05,105.0,127.9,12.79,130.4,41.76788,-74.15555,390.5,11.9,2.68,15.346,
12:03:06 PM,6/30/2026,260630-120303-Mohonk.bin,Mohonk,0,0.06,730.9,0.45,86.0,103.5,67,0.05,104.9,124.6,12.24,127.1,41.76785,-74.15556,387.4,11.9,2.68,16.192,
12:02:09 PM,6/30/2026,260630-120207-Mohonk.bin,Mohonk,0,-0.08,730.9,0.37,87.4,103.5,67,0.05,104.9,123.9,12.02,126.4,41.76786,-74.15557,382.9,11.9,2.68,16.841,
12:01:52 PM,6/30/2026,260630-120149-Mohonk.bin,Mohonk,0,-0.08,730.9,0.41,87.7,103.5,67,0.05,104.9,123.5,11.94,126.0,41.76785,-74.15558,387.7,12.0,2.68,16.987,
12:01:19 PM,6/30/2026,260630-120117-Mohonk.bin,Mohonk,0,-0.12,730.9,0.37,89.9,103.5,67,0.05,104.7,122.6,11.58,125.1,41.76785,-74.15558,387.0,11.9,2.68,18.091,
12:00:49 PM,6/30/2026,260630-120046-Mohonk.bin,Mohonk,0,-0.14,730.9,0.39,90.8,103.7,67,0.05,104.9,117.7,11.04,120.1,41.76784,-74.15556,388.0,11.9,2.68,18.446,
11:59:59 AM,6/30/2026,260630-115957-Mohonk.bin,Mohonk,0,-0.29,730.9,0.23,94.1,103.8,67,0.05,104.7,103.6,9.40,105.7,41.76785,-74.15556,390.0,11.9,2.68,20.114,
11:59:27 AM,6/30/2026,260630-115925-Mohonk.bin,Mohonk,0,-0.37,730.9,0.20,95.7,103.0,67,0.05,103.7,97.7,8.66,99.6,41.76788,-74.15556,382.9,11.9,2.68,21.257,
11:59:00 AM,6/30/2026,260630-115858-Mohonk.bin,Mohonk,0,-0.36,730.9,0.24,97.2,103.3,67,0.05,103.9,100.5,8.80,102.5,41.76788,-74.15556,381.9,11.9,2.68,21.890,
11:58:36 AM,6/30/2026,260630-115833-Mohonk.bin,Mohonk,0,-0.43,731.0,0.15,97.9,103.5,67,0.05,104.0,100.4,8.75,102.5,41.76792,-74.15555,379.6,11.9,2.68,22.171,
11:58:09 AM,6/30/2026,260630-115806-Mohonk.bin,Mohonk,0,-0.45,731.1,0.18,98.3,103.5,67,0.05,104.0,101.6,8.82,103.7,41.76789,-74.15555,381.8,11.9,2.68,22.397,
11:57:36 AM,6/30/2026,260630-115734-Mohonk.bin,Mohonk,0,-0.44,731.0,0.11,98.7,103.1,67,0.05,103.6,102.7,8.85,104.8,41.76789,-74.15556,384.8,11.9,2.68,22.728,
11:57:09 AM,6/30/2026,260630-115707-Mohonk.bin,Mohonk,0,-0.47,730.9,0.11,99.0,103.1,67,0.05,103.6,103.2,8.87,105.3,41.76787,-74.15556,384.9,11.9,2.67,22.883,
11:56:38 AM,6/30/2026,260630-115636-Mohonk.bin,Mohonk,0,-0.52,731.2,0.11,99.9,103.6,67,0.05,103.9,102.2,8.74,104.3,41.76788,-74.15556,384.8,11.9,2.68,23.166,
11:56:11 AM,6/30/2026,260630-115609-Mohonk.bin,Mohonk,0,-0.52,731.0,0.13,100.8,103.8,67,0.05,104.1,100.4,8.53,102.4,41.76786,-74.15556,383.8,11.9,2.68,23.517,
11:55:34 AM,6/30/2026,260630-115532-Mohonk.bin,Mohonk,0,-0.55,730.9,0.09,101.4,104.0,68,0.05,104.3,100.7,8.52,102.7,41.76789,-74.15555,384.8,11.9,2.68,23.692,
11:54:59 AM,6/30/2026,260630-115457-Mohonk.bin,Mohonk,0,-0.59,730.9,0.04,101.7,103.2,67,0.05,103.3,101.9,8.53,103.9,41.76785,-74.15557,384.4,11.9,2.67,24.257,
11:54:31 AM,6/30/2026,260630-115429-Mohonk.bin,Mohonk,0,-0.58,730.9,0.05,101.9,103.1,67,0.05,103.3,102.2,8.55,104.3,41.76789,-74.15556,389.3,11.9,2.67,24.355,
11:53:54 AM,6/30/2026,260630-115352-Mohonk.bin,Mohonk,0,-0.60,730.9,0.06,102.2,103.1,67,0.05,103.2,102.5,8.54,104.5,41.76786,-74.15558,388.0,11.9,2.68,24.529,
11:53:22 AM,6/30/2026,260630-115319-Mohonk.bin,Mohonk,0,-0.60,730.9,0.05,102.4,103.1,67,0.05,103.1,102.5,8.52,104.6,41.76786,-74.15557,388.7,11.9,2.67,24.651,
11:52:50 AM,6/30/2026,260630-115248-Mohonk.bin,Mohonk,0,-0.60,730.9,0.05,102.3,103.0,67,0.05,103.1,102.5,8.53,104.6,41.76788,-74.15554,394.7,11.9,2.67,24.647,
11:52:23 AM,6/30/2026,260630-115220-Mohonk.bin,Mohonk,0,-0.59,730.9,0.05,102.3,103.0,67,0.05,103.0,102.5,8.52,104.6,0.00000,0.00000,0.0,11.9,2.67,24.666,
11:51:55 AM,6/30/2026,260630-115153-Mohonk.bin,Mohonk,0,-0.62,730.9,0.05,102.5,103.0,67,0.05,103.1,102.5,8.51,104.5,0.00000,0.00000,0.0,11.9,2.67,24.721,
11:51:23 AM,6/30/2026,260630-115121-Mohonk.bin,Mohonk,0,-0.64,730.9,0.05,103.3,103.5,67,0.05,103.5,102.2,8.46,104.2,0.00000,0.00000,0.0,11.9,2.67,24.888,
10:09:02 AM,6/24/2026,260624-100859-Mohonk.bin,Mohonk,0,4.79,727.7,3.39,70.4,111.2,72,0.05,112.9,14.6,1.83,14.9,41.76786,-74.15556,381.1,11.9,2.69,5.795,
10:08:36 AM,6/24/2026,260624-100834-Mohonk.bin,Mohonk,0,2.35,727.7,2.11,69.2,109.3,71,0.05,111.0,18.6,2.33,19.0,41.76788,-74.15557,382.4,11.9,2.69,5.814,
10:08:15 AM,6/24/2026,260624-100812-Mohonk.bin,Mohonk,0,0.48,727.6,0.25,68.0,107.2,70,0.05,108.8,24.9,3.11,25.4,41.76789,-74.15558,381.6,11.9,2.69,5.851,
10:07:50 AM,6/24/2026,260624-100747-Mohonk.bin,Mohonk,0,0.55,727.8,0.42,67.3,105.8,69,0.05,107.5,30.4,3.80,31.1,41.76788,-74.15559,378.0,11.9,2.69,5.921,
10:07:28 AM,6/24/2026,260624-100725-Mohonk.bin,Mohonk,0,0.59,727.7,0.33,67.2,105.6,69,0.05,107.3,34.2,4.27,34.9,41.76787,-74.15559,378.8,11.9,2.69,5.933,
10:07:00 AM,6/24/2026,260624-100658-Mohonk.bin,Mohonk,0,0.58,727.8,0.39,66.9,105.0,68,0.05,106.7,40.2,5.01,41.0,41.76785,-74.15559,381.4,11.9,2.69,6.010,
10:06:35 AM,6/24/2026,260624-100632-Mohonk.bin,Mohonk,0,0.54,727.8,0.48,66.5,104.2,68,0.05,105.9,45.8,5.69,46.7,41.76789,-74.15558,378.0,11.9,2.69,6.050,
10:06:05 AM,6/24/2026,260624-100602-Mohonk.bin,Mohonk,0,0.64,727.7,0.58,66.4,103.7,67,0.05,105.4,52.0,6.45,53.1,41.76794,-74.15560,368.8,11.9,2.69,6.130,
10:05:37 AM,6/24/2026,260624-100535-Mohonk.bin,Mohonk,0,0.60,727.7,0.50,66.3,103.2,67,0.05,104.9,56.8,7.02,58.0,41.76799,-74.15559,367.0,11.9,2.69,6.289,
10:05:14 AM,6/24/2026,260624-100512-Mohonk.bin,Mohonk,0,0.55,727.8,0.59,66.4,103.0,67,0.05,104.6,61.0,7.51,62.2,41.76794,-74.15563,366.3,11.9,2.69,6.392,
10:04:46 AM,6/24/2026,260624-100444-Mohonk.bin,Mohonk,0,0.58,727.8,0.61,66.5,102.6,67,0.05,104.3,65.6,8.05,66.9,41.76791,-74.15557,379.7,11.9,2.69,6.558,
10:04:20 AM,6/24/2026,260624-100417-Mohonk.bin,Mohonk,0,0.65,727.7,0.63,66.5,102.3,66,0.05,104.0,70.4,8.60,71.8,41.76791,-74.15555,383.4,11.9,2.69,6.684,
10:03:52 AM,6/24/2026,260624-100350-Mohonk.bin,Mohonk,0,0.62,727.7,0.74,66.7,102.0,66,0.05,103.7,74.8,9.11,76.3,41.76790,-74.15556,388.1,11.9,2.69,6.873,
10:03:17 AM,6/24/2026,260624-100315-Mohonk.bin,Mohonk,0,0.54,727.8,0.67,67.0,101.9,66,0.05,103.6,79.4,9.63,81.0,41.76792,-74.15554,385.2,11.9,2.69,7.057,
10:02:48 AM,6/24/2026,260624-100245-Mohonk.bin,Mohonk,0,0.56,727.7,0.64,67.3,101.8,66,0.05,103.5,84.3,10.18,86.0,41.76792,-74.15556,382.1,11.9,2.69,7.224,
10:02:09 AM,6/24/2026,260624-100207-Mohonk.bin,Mohonk,0,0.50,727.7,0.66,67.7,101.8,66,0.05,103.5,91.9,11.02,93.8,41.76792,-74.15557,383.7,11.9,2.69,7.496,
10:01:27 AM,6/24/2026,260624-100124-Mohonk.bin,Mohonk,0,0.47,727.7,0.69,68.4,101.6,66,0.05,103.4,100.0,11.86,102.0,41.76797,-74.15559,383.2,11.9,2.69,7.902,
10:00:59 AM,6/24/2026,260624-100057-Mohonk.bin,Mohonk,0,0.42,727.7,0.60,69.1,101.6,66,0.05,103.4,104.9,12.35,107.0,41.76787,-74.15560,392.4,11.9,2.69,8.229,
10:00:31 AM,6/24/2026,260624-100029-Mohonk.bin,Mohonk,0,0.42,727.7,0.63,70.0,101.7,66,0.05,103.5,108.0,12.58,110.2,41.76788,-74.15562,398.9,11.9,2.69,8.667,
10:00:02 AM,6/24/2026,260624-100000-Mohonk.bin,Mohonk,0,0.33,727.8,0.46,70.5,101.4,66,0.05,103.2,110.9,12.81,113.2,41.76788,-74.15561,406.4,11.9,2.69,9.026,
9:59:35 AM,6/24/2026,260624-095933-Mohonk.bin,Mohonk,0,0.34,727.7,0.62,71.6,101.7,66,0.05,103.5,113.5,12.97,115.8,41.76789,-74.15561,407.9,11.9,2.69,9.477,
9:59:07 AM,6/24/2026,260624-095905-Mohonk.bin,Mohonk,0,0.25,727.7,0.46,72.1,101.7,66,0.05,103.5,116.0,13.17,118.3,41.76788,-74.15565,414.7,11.9,2.69,9.738,
9:58:40 AM,6/24/2026,260624-095838-Mohonk.bin,Mohonk,0,0.14,727.8,0.35,72.9,101.5,66,0.05,103.3,119.0,13.34,121.4,41.76783,-74.15569,420.2,11.9,2.69,10.267,
9:58:12 AM,6/24/2026,260624-095810-Mohonk.bin,Mohonk,0,0.10,727.8,0.28,74.6,102.0,66,0.05,103.8,121.7,13.43,124.2,41.76786,-74.15567,402.9,11.9,2.69,10.952,
9:57:41 AM,6/24/2026,260624-095739-Mohonk.bin,Mohonk,0,0.05,727.7,0.34,76.5,102.3,66,0.05,104.1,125.6,13.58,128.1,41.76788,-74.15569,397.3,11.9,2.69,11.821,
9:57:14 AM,6/24/2026,260624-095712-Mohonk.bin,Mohonk,0,0.05,727.7,0.41,78.4,102.8,67,0.05,104.5,126.6,13.46,129.2,41.76791,-74.15559,390.7,11.9,2.69,12.576,
9:56:49 AM,6/24/2026,260624-095647-Mohonk.bin,Mohonk,0,0.10,727.7,0.46,80.9,103.3,67,0.05,105.0,125.9,13.08,128.5,41.76789,-74.15562,388.2,11.9,2.69,13.636,
9:56:26 AM,6/24/2026,260624-095624-Mohonk.bin,Mohonk,0,-0.02,727.7,0.39,82.6,103.3,67,0.05,105.0,124.9,12.73,127.4,41.76787,-74.15559,386.9,11.9,2.69,14.499,
9:56:02 AM,6/24/2026,260624-095600-Mohonk.bin,Mohonk,0,-0.05,727.7,0.36,84.4,104.3,68,0.05,105.9,122.3,12.32,124.8,41.76797,-74.15559,382.6,11.9,2.69,15.028,
9:55:37 AM,6/24/2026,260624-095535-Mohonk.bin,Mohonk,0,-0.13,727.7,0.28,86.4,104.2,68,0.05,105.6,120.3,11.85,122.7,41.76791,-74.15562,379.9,11.9,2.69,16.059,
9:55:12 AM,6/24/2026,260624-095510-Mohonk.bin,Mohonk,0,-0.17,727.7,0.23,88.0,103.2,67,0.05,104.5,119.1,11.43,121.5,41.76791,-74.15559,374.9,11.9,2.69,17.324,
9:54:46 AM,6/24/2026,260624-095443-Mohonk.bin,Mohonk,0,-0.22,727.7,0.24,89.6,102.4,67,0.05,103.5,115.2,10.80,117.6,41.76790,-74.15558,374.6,11.9,2.69,18.471,
9:54:30 AM,6/24/2026,260624-095428-Mohonk.bin,Mohonk,0,-0.22,727.6,0.29,90.2,103.1,67,0.05,104.3,110.6,10.36,112.8,41.76789,-74.15558,376.1,11.9,2.69,18.453,
9:54:04 AM,6/24/2026,260624-095402-Mohonk.bin,Mohonk,0,-0.26,727.7,0.19,92.8,102.5,67,0.05,103.4,99.5,9.04,101.5,41.76789,-74.15557,379.8,11.9,2.69,20.050,
9:53:38 AM,6/24/2026,260624-095336-Mohonk.bin,Mohonk,0,-0.31,727.8,0.18,93.2,102.4,67,0.05,103.3,96.8,8.75,98.7,41.76788,-74.15559,385.1,11.9,2.69,20.291,
9:53:13 AM,6/24/2026,260624-095311-Mohonk.bin,Mohonk,0,-0.29,727.7,0.22,93.4,102.5,67,0.05,103.3,96.0,8.67,97.9,41.76789,-74.15558,381.5,11.9,2.69,20.349,
9:52:47 AM,6/24/2026,260624-095245-Mohonk.bin,Mohonk,0,-0.34,727.8,0.15,93.5,102.5,67,0.05,103.3,95.2,8.58,97.1,41.76788,-74.15559,380.8,11.9,2.69,20.422,
9:52:23 AM,6/24/2026,260624-095221-Mohonk.bin,Mohonk,0,-0.30,727.7,0.16,93.6,102.5,67,0.05,103.4,94.9,8.56,96.9,41.76788,-74.15560,376.7,11.9,2.69,20.446,
9:51:49 AM,6/24/2026,260624-095147-Mohonk.bin,Mohonk,0,-0.36,727.7,0.15,93.7,102.6,67,0.05,103.4,95.1,8.56,97.0,41.76792,-74.15565,370.2,11.9,2.69,20.462,
9:51:23 AM,6/24/2026,260624-095121-Mohonk.bin,Mohonk,0,-0.32,727.8,0.15,93.7,102.6,67,0.05,103.4,95.2,8.57,97.1,41.76791,-74.15559,367.3,11.9,2.69,20.481,
9:50:56 AM,6/24/2026,260624-095054-Mohonk.bin,Mohonk,0,-0.35,727.7,0.14,93.7,102.5,67,0.05,103.4,95.2,8.58,97.1,41.76789,-74.15557,369.2,11.9,2.69,20.481,
9:50:19 AM,6/24/2026,260624-095016-Mohonk.bin,Mohonk,0,-0.35,727.7,0.11,93.7,102.6,67,0.05,103.4,95.3,8.58,97.2,41.76790,-74.15558,368.2,11.9,2.69,20.483,
9:49:52 AM,6/24/2026,260624-094950-Mohonk.bin,Mohonk,0,-0.36,727.7,0.13,93.8,102.6,67,0.05,103.4,95.2,8.57,97.1,41.76793,-74.15560,372.6,11.9,2.69,20.490,
9:49:24 AM,6/24/2026,260624-094921-Mohonk.bin,Mohonk,0,-0.32,727.7,0.13,93.8,102.6,67,0.05,103.4,95.0,8.55,96.9,41.76792,-74.15565,373.7,11.9,2.69,20.510,
9:48:54 AM,6/24/2026,260624-094852-Mohonk.bin,Mohonk,0,-0.38,727.8,0.14,93.8,102.6,67,0.05,103.4,94.8,8.53,96.7,41.76790,-74.15562,373.8,11.9,2.69,20.538,
9:48:30 AM,6/24/2026,260624-094827-Mohonk.bin,Mohonk,0,-0.40,727.7,0.15,93.9,102.6,67,0.05,103.4,94.7,8.52,96.6,41.76790,-74.15560,376.9,11.9,2.69,20.547,
9:48:04 AM,6/24/2026,260624-094802-Mohonk.bin,Mohonk,0,-0.35,727.7,0.16,93.9,102.6,67,0.05,103.4,94.7,8.52,96.7,41.76792,-74.15556,381.0,11.9,2.69,20.557,
9:47:42 AM,6/24/2026,260624-094739-Mohonk.bin,Mohonk,0,-0.41,727.7,0.13,94.0,102.7,67,0.05,103.5,94.8,8.52,96.7,41.76790,-74.15556,379.1,11.9,2.69,20.590,
9:47:23 AM,6/24/2026,260624-094720-Mohonk.bin,Mohonk,0,-0.37,727.6,0.14,94.1,102.7,67,0.05,103.5,95.0,8.53,96.9,41.76793,-74.15555,378.8,11.9,2.69,20.632,
9:46:55 AM,6/24/2026,260624-094653-Mohonk.bin,Mohonk,0,-0.37,727.6,0.13,94.4,102.7,67,0.05,103.5,95.3,8.54,97.2,41.76796,-74.15552,375.8,11.9,2.69,20.757,
9:46:30 AM,6/24/2026,260624-094627-Mohonk.bin,Mohonk,0,-0.38,727.6,0.11,94.4,102.7,67,0.05,103.5,95.4,8.55,97.4,41.76807,-74.15549,367.4,11.9,2.69,20.767,
9:45:36 AM,6/24/2026,260624-094534-Mohonk.bin,Mohonk,0,-0.39,727.6,0.10,94.7,103.0,67,0.05,103.7,96.7,8.65,98.6,0.00000,0.00000,0.0,11.9,2.69,20.806,
10:36:31 AM,6/17/2026,260617-103629-Mohonk.bin,Mohonk,0,1.75,724.1,0.88,69.0,109.4,71,0.05,111.1,13.3,1.67,13.6,41.76793,-74.15556,390.6,11.9,2.70,5.666,
10:36:04 AM,6/17/2026,260617-103602-Mohonk.bin,Mohonk,0,1.36,724.1,0.66,68.5,108.6,71,0.05,110.3,17.3,2.17,17.7,41.76795,-74.15558,378.0,11.9,2.70,5.678,
10:35:33 AM,6/17/2026,260617-103531-Mohonk.bin,Mohonk,0,0.54,724.1,0.32,67.9,107.6,70,0.05,109.3,26.9,3.37,27.4,41.76790,-74.15557,382.8,11.9,2.70,5.687,
10:34:59 AM,6/17/2026,260617-103456-Mohonk.bin,Mohonk,0,0.67,724.0,0.77,66.9,105.5,69,0.05,107.2,40.2,5.03,41.0,41.76789,-74.15556,383.7,11.9,2.70,5.822,
10:34:28 AM,6/17/2026,260617-103425-Mohonk.bin,Mohonk,0,0.68,724.0,0.76,66.5,104.8,68,0.05,106.4,47.1,5.88,48.0,41.76792,-74.15557,389.8,11.9,2.70,5.856,
10:34:00 AM,6/17/2026,260617-103358-Mohonk.bin,Mohonk,0,0.66,724.0,0.76,66.1,103.8,67,0.05,105.5,52.5,6.53,53.5,41.76794,-74.15559,390.6,11.9,2.70,5.965,
10:33:30 AM,6/17/2026,260617-103327-Mohonk.bin,Mohonk,0,0.63,724.1,0.74,65.9,103.3,67,0.05,104.9,58.7,7.30,59.9,41.76797,-74.15563,408.1,11.9,2.70,6.029,
10:33:04 AM,6/17/2026,260617-103302-Mohonk.bin,Mohonk,0,0.79,724.0,0.60,65.8,102.7,67,0.05,104.4,62.1,7.69,63.3,41.76790,-74.15560,398.4,11.9,2.70,6.179,
10:31:54 AM,6/17/2026,260617-103151-Mohonk.bin,Mohonk,0,0.67,724.2,0.83,65.9,102.2,66,0.05,103.9,67.2,8.28,68.5,41.76788,-74.15556,390.2,11.9,2.70,6.383,
10:31:28 AM,6/17/2026,260617-103125-Mohonk.bin,Mohonk,0,0.64,724.1,0.71,66.0,102.2,66,0.05,103.8,69.1,8.50,70.5,41.76788,-74.15559,392.1,11.9,2.70,6.473,
10:30:41 AM,6/17/2026,260617-103038-Mohonk.bin,Mohonk,0,0.64,724.1,0.69,66.3,102.2,66,0.05,103.8,73.3,8.98,74.8,41.76788,-74.15560,382.5,11.9,2.70,6.635,
10:30:01 AM,6/17/2026,260617-102958-Mohonk.bin,Mohonk,0,0.68,724.1,0.80,66.5,101.9,66,0.05,103.6,78.7,9.59,80.2,41.76789,-74.15558,379.5,11.9,2.70,6.798,
10:29:35 AM,6/17/2026,260617-102933-Mohonk.bin,Mohonk,0,0.71,724.1,0.84,66.7,101.9,66,0.05,103.6,82.1,9.98,83.7,41.76788,-74.15558,397.1,11.9,2.70,6.917,
10:28:52 AM,6/17/2026,260617-102849-Mohonk.bin,Mohonk,0,0.65,724.2,0.89,66.9,101.7,66,0.05,103.4,85.7,10.37,87.4,41.76790,-74.15556,412.5,11.9,2.70,7.094,
10:28:22 AM,6/17/2026,260617-102820-Mohonk.bin,Mohonk,0,0.55,724.2,0.69,67.3,101.6,66,0.05,103.3,88.9,10.70,90.7,41.76796,-74.15561,434.5,11.9,2.70,7.337,
10:27:57 AM,6/17/2026,260617-102755-Mohonk.bin,Mohonk,0,0.58,724.2,0.66,67.6,101.6,66,0.05,103.4,92.5,11.10,94.4,41.76794,-74.15561,430.5,11.9,2.70,7.481,
10:27:13 AM,6/17/2026,260617-102711-Mohonk.bin,Mohonk,0,0.48,724.2,0.61,68.1,101.4,66,0.05,103.1,100.3,11.92,102.3,41.76786,-74.15557,410.6,11.9,2.70,7.829,
10:26:46 AM,6/17/2026,260617-102644-Mohonk.bin,Mohonk,0,0.49,724.1,0.66,68.7,101.5,66,0.05,103.3,105.1,12.43,107.2,41.76788,-74.15556,383.6,11.9,2.70,8.042,
10:26:21 AM,6/17/2026,260617-102618-Mohonk.bin,Mohonk,0,0.49,724.1,0.54,69.1,101.4,66,0.05,103.1,108.2,12.72,110.4,41.76787,-74.15557,386.3,11.9,2.70,8.316,
10:25:42 AM,6/17/2026,260617-102540-Mohonk.bin,Mohonk,0,0.49,724.1,0.64,69.9,101.4,66,0.05,103.2,111.6,12.97,113.8,41.76787,-74.15557,399.4,11.9,2.70,8.752,
10:25:17 AM,6/17/2026,260617-102515-Mohonk.bin,Mohonk,0,0.37,724.2,0.55,70.4,101.3,66,0.05,103.1,112.9,13.04,115.2,41.76785,-74.15560,411.4,11.9,2.70,9.008,
10:24:43 AM,6/17/2026,260617-102441-Mohonk.bin,Mohonk,0,0.32,724.1,0.46,71.5,101.9,66,0.05,103.7,115.4,13.22,117.7,41.76787,-74.15558,390.5,11.9,2.70,9.365,
10:24:16 AM,6/17/2026,260617-102413-Mohonk.bin,Mohonk,0,0.25,724.0,0.44,72.8,102.2,66,0.05,104.0,119.1,13.48,121.5,41.76786,-74.15556,377.4,11.9,2.70,9.902,
10:23:46 AM,6/17/2026,260617-102343-Mohonk.bin,Mohonk,0,0.23,724.2,0.49,74.4,103.0,67,0.05,104.8,121.1,13.52,123.6,41.76790,-74.15557,372.0,11.9,2.70,10.466,
10:23:18 AM,6/17/2026,260617-102315-Mohonk.bin,Mohonk,0,0.11,724.1,0.40,77.2,103.9,68,0.05,105.7,124.4,13.54,126.9,41.76791,-74.15562,366.6,11.9,2.70,11.553,
10:22:46 AM,6/17/2026,260617-102244-Mohonk.bin,Mohonk,0,0.05,724.1,0.44,79.3,103.3,67,0.05,105.0,127.1,13.44,129.7,41.76789,-74.15560,378.2,11.9,2.70,12.843,
10:22:20 AM,6/17/2026,260617-102218-Mohonk.bin,Mohonk,0,0.13,724.1,0.51,80.7,103.4,67,0.05,105.1,127.2,13.25,129.8,41.76787,-74.15557,378.7,11.9,2.70,13.512,
10:21:35 AM,6/17/2026,260617-102133-Mohonk.bin,Mohonk,0,0.05,724.1,0.46,82.8,103.1,67,0.05,104.7,125.7,12.76,128.3,41.76789,-74.15559,383.8,11.9,2.70,14.687,
10:21:04 AM,6/17/2026,260617-102101-Mohonk.bin,Mohonk,0,0.00,724.0,0.45,84.6,103.6,67,0.05,105.2,122.3,12.23,124.7,41.76789,-74.15557,386.2,11.9,2.70,15.378,
10:20:26 AM,6/17/2026,260617-102023-Mohonk.bin,Mohonk,0,-0.08,724.2,0.52,86.7,103.6,67,0.05,105.1,117.4,11.47,119.7,41.76796,-74.15560,392.7,11.9,2.70,16.461,
10:19:56 AM,6/17/2026,260617-101953-Mohonk.bin,Mohonk,0,-0.17,724.2,0.34,88.2,103.0,67,0.05,104.3,112.9,10.81,115.2,41.76798,-74.15561,396.4,11.9,2.70,17.453,
10:19:31 AM,6/17/2026,260617-101928-Mohonk.bin,Mohonk,0,-0.22,724.1,0.26,89.3,102.3,66,0.05,103.4,111.8,10.50,114.0,41.76796,-74.15560,389.9,11.9,2.70,18.347,
10:18:57 AM,6/17/2026,260617-101855-Mohonk.bin,Mohonk,0,-0.27,724.1,0.25,91.1,102.3,67,0.05,103.4,110.4,10.19,112.6,41.76790,-74.15559,383.6,11.9,2.70,19.238,
10:18:30 AM,6/17/2026,260617-101828-Mohonk.bin,Mohonk,0,-0.34,724.2,0.17,92.6,102.2,66,0.05,103.1,108.9,9.88,111.1,41.76790,-74.15559,380.9,12.0,2.70,20.063,
10:17:51 AM,6/17/2026,260617-101749-Mohonk.bin,Mohonk,0,-0.40,724.1,0.19,95.7,103.1,67,0.05,103.8,102.6,9.10,104.7,41.76789,-74.15559,381.2,11.9,2.70,21.231,
10:17:22 AM,6/17/2026,260617-101720-Mohonk.bin,Mohonk,0,-0.49,724.2,0.10,96.6,102.9,67,0.05,103.5,97.0,8.51,98.9,41.76791,-74.15556,382.9,11.9,2.70,21.819,
10:16:51 AM,6/17/2026,260617-101648-Mohonk.bin,Mohonk,0,-0.44,724.2,0.09,97.0,103.2,67,0.05,103.7,95.8,8.40,97.8,41.76798,-74.15557,383.9,11.9,2.70,21.876,
10:16:22 AM,6/17/2026,260617-101620-Mohonk.bin,Mohonk,0,-0.48,724.1,0.09,97.1,103.1,67,0.05,103.7,95.1,8.32,97.0,41.76789,-74.15560,381.9,11.9,2.70,21.914,
10:15:49 AM,6/17/2026,260617-101547-Mohonk.bin,Mohonk,0,-0.46,724.3,0.09,97.1,103.2,67,0.05,103.8,95.1,8.33,97.0,41.76787,-74.15559,382.1,11.9,2.70,21.920,
10:15:23 AM,6/17/2026,260617-101521-Mohonk.bin,Mohonk,0,-0.45,724.2,0.08,97.1,103.2,67,0.05,103.8,95.2,8.33,97.1,41.76786,-74.15556,385.8,11.9,2.70,21.928,
10:14:43 AM,6/17/2026,260617-101441-Mohonk.bin,Mohonk,0,-0.48,724.2,0.06,97.1,103.2,67,0.05,103.8,95.5,8.35,97.4,41.76785,-74.15557,376.1,12.0,2.70,21.939,
10:14:17 AM,6/17/2026,260617-101415-Mohonk.bin,Mohonk,0,-0.49,724.2,0.12,97.2,103.2,67,0.05,103.7,95.6,8.36,97.5,41.76783,-74.15557,375.7,11.9,2.70,21.996,
10:13:51 AM,6/17/2026,260617-101349-Mohonk.bin,Mohonk,0,-0.49,724.3,0.10,97.3,103.2,67,0.05,103.7,96.0,8.39,97.9,41.76780,-74.15559,382.3,11.9,2.70,22.012,
10:13:17 AM,6/17/2026,260617-101315-Mohonk.bin,Mohonk,0,-0.45,724.2,0.07,97.3,103.2,67,0.05,103.7,96.9,8.46,98.8,41.76794,-74.15557,370.6,11.9,2.70,22.028,
10:12:50 AM,6/17/2026,260617-101248-Mohonk.bin,Mohonk,0,-0.47,724.2,0.08,97.4,103.2,67,0.05,103.7,96.7,8.44,98.6,41.76790,-74.15558,373.2,11.9,2.70,22.091,
10:12:21 AM,6/17/2026,260617-101219-Mohonk.bin,Mohonk,0,-0.49,724.2,0.06,97.5,103.2,67,0.05,103.7,96.7,8.43,98.6,41.76792,-74.15556,361.1,11.9,2.70,22.120,
10:11:45 AM,6/17/2026,260617-101143-Mohonk.bin,Mohonk,0,-0.45,724.3,0.09,97.5,103.2,67,0.05,103.7,96.8,8.44,98.8,0.00000,0.00000,0.0,11.9,2.70,22.123,
10:11:10 AM,6/17/2026,260617-101107-Mohonk.bin,Mohonk,0,-0.43,724.3,0.09,97.5,103.2,67,0.05,103.8,97.0,8.46,99.0,0.00000,0.00000,0.0,11.9,2.69,22.108,
10:10:43 AM,6/17/2026,260617-101040-Mohonk.bin,Mohonk,0,-0.43,724.3,0.09,97.5,103.3,67,0.05,103.9,97.1,8.48,99.1,0.00000,0.00000,0.0,11.9,2.69,22.088,
10:47:06 AM,6/10/2026,260610-104704-Mohonk.bin,Mohonk,0,8.39,726.7,10.80,69.0,109.6,71,0.05,111.3,25.4,3.20,26.0,41.76789,-74.15558,375.8,11.9,2.71,5.593,
10:46:42 AM,6/10/2026,260610-104640-Mohonk.bin,Mohonk,0,2.70,726.7,2.69,67.6,107.3,70,0.05,109.0,30.1,3.79,30.7,41.76788,-74.15557,380.2,11.9,2.71,5.608,
10:46:19 AM,6/10/2026,260610-104617-Mohonk.bin,Mohonk,0,0.98,726.7,1.32,67.0,106.3,69,0.05,108.0,36.2,4.55,36.9,41.76788,-74.15557,379.3,11.9,2.71,5.634,
10:45:53 AM,6/10/2026,260610-104550-Mohonk.bin,Mohonk,0,0.98,726.7,2.16,66.5,105.5,69,0.05,107.1,43.3,5.43,44.2,41.76788,-74.15556,380.8,11.9,2.71,5.656,
10:45:19 AM,6/10/2026,260610-104517-Mohonk.bin,Mohonk,0,0.97,726.7,1.78,65.8,104.1,68,0.05,105.7,52.3,6.55,53.3,41.76790,-74.15555,383.3,11.9,2.71,5.730,
10:44:54 AM,6/10/2026,260610-104452-Mohonk.bin,Mohonk,0,0.94,726.6,1.33,65.6,103.5,67,0.05,105.1,58.1,7.25,59.2,41.76790,-74.15555,375.1,11.9,2.71,5.857,
10:44:26 AM,6/10/2026,260610-104424-Mohonk.bin,Mohonk,0,0.88,726.6,1.08,65.7,103.2,67,0.05,104.8,63.0,7.85,64.3,41.76792,-74.15556,374.9,11.9,2.71,5.956,
10:44:02 AM,6/10/2026,260610-104400-Mohonk.bin,Mohonk,0,0.76,726.7,1.00,65.6,102.8,67,0.05,104.4,67.9,8.44,69.3,41.76791,-74.15559,380.8,11.9,2.71,6.063,
10:43:36 AM,6/10/2026,260610-104334-Mohonk.bin,Mohonk,0,0.70,726.6,0.67,65.6,102.1,66,0.05,103.8,72.1,8.92,73.6,41.76788,-74.15558,382.9,11.9,2.71,6.259,
10:43:11 AM,6/10/2026,260610-104309-Mohonk.bin,Mohonk,0,0.64,726.7,0.60,65.6,101.9,66,0.05,103.6,75.2,9.27,76.7,41.76786,-74.15557,387.1,11.9,2.71,6.371,
10:42:41 AM,6/10/2026,260610-104239-Mohonk.bin,Mohonk,0,0.74,726.6,0.78,65.8,101.7,66,0.05,103.3,78.4,9.63,80.0,41.76788,-74.15556,385.2,11.9,2.71,6.509,
10:42:17 AM,6/10/2026,260610-104214-Mohonk.bin,Mohonk,0,0.69,726.7,0.66,66.0,101.7,66,0.05,103.3,81.0,9.93,82.6,41.76788,-74.15556,379.2,11.9,2.71,6.618,
10:41:51 AM,6/10/2026,260610-104149-Mohonk.bin,Mohonk,0,0.70,726.6,0.69,66.5,101.8,66,0.05,103.5,84.9,10.35,86.6,41.76787,-74.15554,379.3,11.9,2.71,6.813,
10:41:27 AM,6/10/2026,260610-104125-Mohonk.bin,Mohonk,0,0.71,726.6,0.72,66.9,102.0,66,0.05,103.7,88.6,10.76,90.4,41.76789,-74.15555,383.3,11.9,2.71,6.988,
10:41:01 AM,6/10/2026,260610-104058-Mohonk.bin,Mohonk,0,0.68,726.7,0.78,67.3,101.9,66,0.05,103.6,93.5,11.27,95.4,41.76785,-74.15557,388.9,11.9,2.71,7.260,
10:40:37 AM,6/10/2026,260610-104034-Mohonk.bin,Mohonk,0,0.68,726.7,0.84,67.8,101.8,66,0.05,103.5,98.7,11.82,100.7,41.76786,-74.15556,388.0,11.9,2.71,7.550,
10:40:12 AM,6/10/2026,260610-104010-Mohonk.bin,Mohonk,0,0.54,726.7,0.73,68.2,101.4,66,0.05,103.1,103.4,12.29,105.5,41.76789,-74.15558,382.0,11.9,2.71,7.861,
10:39:47 AM,6/10/2026,260610-103945-Mohonk.bin,Mohonk,0,0.55,726.7,0.60,68.7,101.4,66,0.05,103.2,107.4,12.68,109.5,41.76791,-74.15558,378.3,11.9,2.71,8.125,
10:39:22 AM,6/10/2026,260610-103920-Mohonk.bin,Mohonk,0,0.60,726.7,0.68,69.1,101.4,66,0.05,103.2,111.2,13.06,113.5,41.76788,-74.15559,383.7,11.9,2.71,8.349,
10:38:57 AM,6/10/2026,260610-103855-Mohonk.bin,Mohonk,0,0.66,726.7,0.70,70.0,101.4,66,0.05,103.2,114.2,13.26,116.5,41.76788,-74.15560,383.5,11.9,2.71,8.783,
10:38:31 AM,6/10/2026,260610-103829-Mohonk.bin,Mohonk,0,0.54,726.7,0.70,70.4,101.2,66,0.05,103.0,116.0,13.38,118.4,41.76799,-74.15565,378.4,11.9,2.71,9.076,
10:38:07 AM,6/10/2026,260610-103804-Mohonk.bin,Mohonk,0,0.44,726.7,0.55,71.1,101.2,66,0.05,103.0,118.1,13.51,120.5,41.76789,-74.15562,372.6,11.9,2.71,9.416,
10:37:23 AM,6/10/2026,260610-103720-Mohonk.bin,Mohonk,0,0.30,726.7,0.42,72.8,102.0,66,0.05,103.8,121.3,13.69,123.7,41.76790,-74.15559,377.4,11.9,2.71,10.001,
10:36:58 AM,6/10/2026,260610-103656-Mohonk.bin,Mohonk,0,0.23,726.7,0.43,74.1,102.2,66,0.05,104.0,123.0,13.68,125.4,41.76789,-74.15560,374.5,11.9,2.71,10.600,
10:36:31 AM,6/10/2026,260610-103628-Mohonk.bin,Mohonk,0,0.17,726.7,0.42,76.6,102.8,67,0.05,104.6,124.4,13.51,126.9,41.76798,-74.15561,376.2,12.0,2.71,11.642,
10:35:59 AM,6/10/2026,260610-103557-Mohonk.bin,Mohonk,0,0.15,726.7,0.49,78.9,103.2,67,0.05,105.0,123.5,13.10,126.0,41.76796,-74.15558,374.8,11.9,2.71,12.676,
10:35:36 AM,6/10/2026,260610-103533-Mohonk.bin,Mohonk,0,0.11,726.7,0.50,80.6,103.2,67,0.05,104.9,123.1,12.81,125.6,41.76801,-74.15557,380.2,11.9,2.71,13.549,
10:35:10 AM,6/10/2026,260610-103508-Mohonk.bin,Mohonk,0,0.03,726.7,0.44,81.9,103.0,67,0.05,104.7,121.1,12.41,123.5,41.76789,-74.15563,379.6,11.9,2.71,14.243,
10:34:46 AM,6/10/2026,260610-103444-Mohonk.bin,Mohonk,0,0.03,726.8,0.48,83.3,102.7,67,0.05,104.3,118.7,11.95,121.1,41.76793,-74.15561,372.0,11.9,2.71,15.085,
10:34:17 AM,6/10/2026,260610-103415-Mohonk.bin,Mohonk,0,0.02,726.7,0.50,84.7,102.8,67,0.05,104.3,112.6,11.17,114.9,41.76798,-74.15564,368.7,11.9,2.71,15.762,
10:33:51 AM,6/10/2026,260610-103349-Mohonk.bin,Mohonk,0,0.02,726.8,0.59,85.8,102.2,66,0.05,103.6,107.1,10.44,109.3,41.76795,-74.15559,364.1,11.9,2.71,16.571,
10:33:25 AM,6/10/2026,260610-103323-Mohonk.bin,Mohonk,0,-0.07,726.8,0.46,87.1,101.7,66,0.05,103.0,103.2,9.88,105.2,41.76788,-74.15558,376.1,11.9,2.71,17.441,
10:32:59 AM,6/10/2026,260610-103257-Mohonk.bin,Mohonk,0,-0.16,726.8,0.30,87.4,101.4,66,0.05,102.6,102.5,9.74,104.6,41.76786,-74.15558,379.1,11.9,2.71,17.806,
10:32:34 AM,6/10/2026,260610-103232-Mohonk.bin,Mohonk,0,-0.17,726.7,0.23,87.7,101.0,66,0.05,102.2,104.2,9.84,106.3,41.76787,-74.15558,367.8,11.9,2.71,18.078,
10:32:02 AM,6/10/2026,260610-103200-Mohonk.bin,Mohonk,0,-0.19,726.8,0.33,88.3,101.1,66,0.05,102.2,105.1,9.86,107.2,41.76790,-74.15562,374.7,11.9,2.71,18.407,
10:31:38 AM,6/10/2026,260610-103136-Mohonk.bin,Mohonk,0,-0.22,726.7,0.33,89.7,101.9,66,0.05,102.9,103.8,9.67,105.9,41.76792,-74.15557,373.2,11.9,2.71,18.738,
10:31:12 AM,6/10/2026,260610-103110-Mohonk.bin,Mohonk,0,-0.31,726.8,0.20,93.2,103.9,68,0.05,104.8,100.2,9.18,102.2,41.76789,-74.15555,372.4,11.9,2.71,19.618,
10:30:44 AM,6/10/2026,260610-103042-Mohonk.bin,Mohonk,0,-0.38,726.7,0.10,95.7,103.2,67,0.05,103.9,96.5,8.57,98.5,41.76787,-74.15555,381.7,11.9,2.71,21.192,
10:30:19 AM,6/10/2026,260610-103017-Mohonk.bin,Mohonk,0,-0.40,726.7,0.12,95.5,102.9,67,0.05,103.6,96.9,8.59,98.8,41.76789,-74.15556,382.3,11.9,2.71,21.248,
10:29:54 AM,6/10/2026,260610-102951-Mohonk.bin,Mohonk,0,-0.37,726.7,0.10,95.4,102.7,67,0.05,103.4,97.1,8.60,99.0,41.76788,-74.15556,379.0,11.9,2.71,21.295,
10:29:29 AM,6/10/2026,260610-102926-Mohonk.bin,Mohonk,0,-0.45,726.7,0.09,95.5,102.6,67,0.05,103.3,97.1,8.60,99.0,41.76793,-74.15555,378.0,11.9,2.71,21.335,
10:29:03 AM,6/10/2026,260610-102901-Mohonk.bin,Mohonk,0,-0.39,726.9,0.11,95.6,102.6,67,0.05,103.3,97.1,8.59,99.1,41.76791,-74.15556,374.3,12.0,2.71,21.384,
10:28:33 AM,6/10/2026,260610-102830-Mohonk.bin,Mohonk,0,-0.37,726.7,0.14,95.6,102.7,67,0.05,103.3,97.2,8.60,99.2,41.76789,-74.15561,387.8,11.9,2.71,21.389,
10:28:09 AM,6/10/2026,260610-102806-Mohonk.bin,Mohonk,0,-0.39,726.7,0.11,95.6,102.7,67,0.05,103.3,97.2,8.60,99.2,41.76796,-74.15566,397.0,11.9,2.71,21.389,
10:27:44 AM,6/10/2026,260610-102741-Mohonk.bin,Mohonk,0,-0.41,726.7,0.12,95.6,102.7,67,0.05,103.4,97.2,8.60,99.2,41.76796,-74.15568,397.5,11.9,2.71,21.396,
10:27:15 AM,6/10/2026,260610-102713-Mohonk.bin,Mohonk,0,-0.41,726.7,0.11,95.6,102.7,67,0.05,103.3,97.2,8.60,99.2,41.76800,-74.15567,401.3,12.0,2.71,21.423,
10:26:45 AM,6/10/2026,260610-102643-Mohonk.bin,Mohonk,0,-0.41,726.7,0.10,95.7,102.7,67,0.05,103.3,97.3,8.60,99.3,41.76784,-74.15561,381.5,11.9,2.71,21.433,
10:26:12 AM,6/10/2026,260610-102610-Mohonk.bin,Mohonk,0,-0.38,726.7,0.10,95.7,102.7,67,0.05,103.4,97.4,8.61,99.4,41.76780,-74.15559,382.6,11.9,2.71,21.436,
10:25:33 AM,6/10/2026,260610-102530-Mohonk.bin,Mohonk,0,-0.41,726.7,0.10,95.8,102.8,67,0.05,103.4,97.4,8.61,99.4,0.00000,0.00000,0.0,11.9,2.71,21.435,
10:52:34 AM,6/3/2026,260603-105232-Mohonk.bin,Mohonk,0,4.40,734.5,7.14,72.3,115.4,75,0.05,117.2,21.5,2.71,21.9,41.76789,-74.15556,373.1,11.9,2.72,5.456,
10:52:09 AM,6/3/2026,260603-105207-Mohonk.bin,Mohonk,0,0.98,734.5,1.16,68.0,108.5,70,0.05,110.1,24.5,3.09,25.0,41.76788,-74.15557,373.6,11.9,2.72,5.459,
10:51:20 AM,6/3/2026,260603-105118-Mohonk.bin,Mohonk,0,1.15,734.5,2.12,66.8,106.5,69,0.05,108.1,31.5,3.97,32.1,41.76786,-74.15556,385.9,11.9,2.72,5.496,
10:50:36 AM,6/3/2026,260603-105034-Mohonk.bin,Mohonk,0,1.31,734.5,2.59,66.1,105.3,68,0.05,106.9,36.4,4.58,37.1,41.76783,-74.15559,387.0,11.9,2.72,5.495,
10:49:38 AM,6/3/2026,260603-104936-Mohonk.bin,Mohonk,0,1.19,734.5,2.31,65.9,105.0,68,0.05,106.6,41.1,5.18,41.9,41.76785,-74.15557,391.8,11.9,2.72,5.516,
10:49:04 AM,6/3/2026,260603-104902-Mohonk.bin,Mohonk,0,1.31,734.5,3.72,65.7,104.6,68,0.05,106.2,46.2,5.83,47.2,41.76785,-74.15562,392.2,11.9,2.72,5.522,
10:48:24 AM,6/3/2026,260603-104822-Mohonk.bin,Mohonk,0,1.55,734.5,4.31,65.1,103.3,67,0.05,104.9,54.0,6.78,55.1,41.76788,-74.15553,380.4,11.9,2.72,5.641,
10:47:54 AM,6/3/2026,260603-104752-Mohonk.bin,Mohonk,0,1.40,734.5,3.48,65.4,103.4,67,0.05,105.1,58.3,7.30,59.5,41.76795,-74.15553,374.1,11.9,2.72,5.740,
10:47:18 AM,6/3/2026,260603-104715-Mohonk.bin,Mohonk,0,1.27,734.5,2.55,65.6,103.2,67,0.05,104.9,61.2,7.64,62.4,41.76787,-74.15556,378.5,11.9,2.72,5.896,
10:46:48 AM,6/3/2026,260603-104646-Mohonk.bin,Mohonk,0,1.12,734.5,2.16,65.8,103.3,67,0.05,104.9,64.3,8.00,65.6,41.76787,-74.15553,380.0,11.9,2.72,5.988,
10:46:11 AM,6/3/2026,260603-104608-Mohonk.bin,Mohonk,0,1.09,734.5,2.55,66.3,103.4,67,0.05,105.1,67.8,8.40,69.2,41.76788,-74.15553,388.5,11.9,2.72,6.209,
10:45:42 AM,6/3/2026,260603-104540-Mohonk.bin,Mohonk,0,0.95,734.5,1.92,66.6,103.7,67,0.05,105.4,71.2,8.80,72.6,41.76773,-74.15564,386.7,11.9,2.72,6.257,
10:45:00 AM,6/3/2026,260603-104458-Mohonk.bin,Mohonk,0,0.82,734.5,1.04,66.2,102.4,67,0.05,104.0,78.0,9.58,79.6,41.76789,-74.15556,380.7,11.9,2.71,6.512,
10:44:25 AM,6/3/2026,260603-104423-Mohonk.bin,Mohonk,0,0.85,734.5,1.07,66.4,101.8,66,0.05,103.5,83.9,10.25,85.6,41.76790,-74.15559,385.0,11.9,2.71,6.769,
10:43:55 AM,6/3/2026,260603-104353-Mohonk.bin,Mohonk,0,0.75,734.5,0.77,66.5,101.4,66,0.05,103.1,88.1,10.70,89.9,41.76786,-74.15553,383.3,11.9,2.71,6.993,
10:43:20 AM,6/3/2026,260603-104317-Mohonk.bin,Mohonk,0,0.74,734.5,0.76,66.8,101.3,66,0.05,103.0,92.5,11.18,94.4,41.76789,-74.15556,382.9,11.9,2.72,7.171,
10:42:44 AM,6/3/2026,260603-104242-Mohonk.bin,Mohonk,0,0.79,734.5,0.82,67.0,101.1,66,0.05,102.8,97.2,11.70,99.2,41.76791,-74.15556,380.6,11.9,2.72,7.353,
10:42:06 AM,6/3/2026,260603-104204-Mohonk.bin,Mohonk,0,0.77,734.5,0.84,67.5,101.0,66,0.05,102.8,102.6,12.27,104.7,41.76786,-74.15559,383.7,11.9,2.71,7.614,
10:41:27 AM,6/3/2026,260603-104124-Mohonk.bin,Mohonk,0,0.67,734.5,0.74,68.5,101.1,66,0.05,102.8,109.9,12.97,112.1,41.76783,-74.15565,382.4,11.9,2.71,8.129,
10:40:47 AM,6/3/2026,260603-104044-Mohonk.bin,Mohonk,0,0.76,734.5,0.94,69.5,100.8,66,0.05,102.6,113.0,13.14,115.2,41.76794,-74.15555,390.7,11.9,2.71,8.714,
10:40:21 AM,6/3/2026,260603-104019-Mohonk.bin,Mohonk,0,0.60,734.5,0.78,70.3,101.0,66,0.05,102.8,114.9,13.25,117.2,41.76796,-74.15553,386.9,11.9,2.71,9.069,
10:39:38 AM,6/3/2026,260603-103936-Mohonk.bin,Mohonk,0,0.52,734.5,0.68,71.1,101.0,66,0.05,102.8,116.2,13.27,118.6,41.76783,-74.15558,380.5,11.9,2.71,9.498,
10:39:11 AM,6/3/2026,260603-103908-Mohonk.bin,Mohonk,0,0.45,734.5,0.60,72.4,101.8,66,0.05,103.6,117.1,13.25,119.5,41.76783,-74.15561,377.2,11.9,2.71,9.879,
10:38:34 AM,6/3/2026,260603-103832-Mohonk.bin,Mohonk,0,0.38,734.5,0.48,73.5,101.8,66,0.05,103.6,118.7,13.25,121.0,41.76788,-74.15557,370.9,11.9,2.71,10.431,
10:38:08 AM,6/3/2026,260603-103805-Mohonk.bin,Mohonk,0,0.37,734.5,0.52,74.5,102.2,66,0.05,104.0,121.1,13.42,123.5,41.76786,-74.15561,371.1,11.9,2.71,10.769,
10:37:27 AM,6/3/2026,260603-103724-Mohonk.bin,Mohonk,0,0.31,734.5,0.56,75.9,102.2,66,0.05,103.9,121.0,13.18,123.5,41.76786,-74.15558,379.5,11.9,2.71,11.529,
10:36:38 AM,6/3/2026,260603-103636-Mohonk.bin,Mohonk,0,0.18,734.5,0.42,78.7,102.5,67,0.05,104.2,116.8,12.33,119.2,41.76784,-74.15557,379.3,11.9,2.71,12.884,
10:35:58 AM,6/3/2026,260603-103556-Mohonk.bin,Mohonk,0,0.23,734.5,0.43,80.5,103.5,67,0.05,105.2,113.3,11.84,115.6,41.76786,-74.15556,369.3,11.9,2.71,13.348,
10:35:20 AM,6/3/2026,260603-103518-Mohonk.bin,Mohonk,0,0.13,734.5,0.45,82.2,102.0,66,0.05,103.5,107.4,10.86,109.5,41.76786,-74.15558,383.8,11.9,2.71,14.852,
10:34:38 AM,6/3/2026,260603-103436-Mohonk.bin,Mohonk,0,0.05,734.5,0.37,82.7,100.1,65,0.05,101.5,103.9,10.28,106.0,41.76786,-74.15557,386.2,11.9,2.71,15.885,
10:34:12 AM,6/3/2026,260603-103410-Mohonk.bin,Mohonk,0,0.03,734.5,0.38,83.4,99.8,65,0.05,101.1,99.8,9.77,101.8,41.76785,-74.15555,381.4,11.9,2.71,16.405,
10:33:36 AM,6/3/2026,260603-103334-Mohonk.bin,Mohonk,0,0.03,734.5,0.37,83.7,99.6,65,0.05,101.0,98.9,9.63,100.9,41.76784,-74.15550,384.6,11.9,2.71,16.612,
10:33:08 AM,6/3/2026,260603-103305-Mohonk.bin,Mohonk,0,0.00,734.5,0.33,83.8,99.6,65,0.05,100.9,98.8,9.61,100.8,41.76787,-74.15557,385.8,11.9,2.71,16.729,
10:32:33 AM,6/3/2026,260603-103231-Mohonk.bin,Mohonk,0,0.01,734.5,0.35,84.0,99.5,65,0.05,100.8,99.1,9.60,101.1,41.76784,-74.15562,392.9,11.9,2.71,16.850,
10:31:57 AM,6/3/2026,260603-103155-Mohonk.bin,Mohonk,0,0.03,734.5,0.33,84.2,99.5,65,0.05,100.8,99.2,9.60,101.2,41.76786,-74.15562,390.7,12.0,2.71,16.949,
10:31:24 AM,6/3/2026,260603-103122-Mohonk.bin,Mohonk,0,-0.01,734.5,0.34,84.4,99.5,65,0.05,100.8,98.8,9.54,100.8,41.76789,-74.15562,375.9,11.9,2.71,17.017,
10:30:55 AM,6/3/2026,260603-103053-Mohonk.bin,Mohonk,0,0.00,734.4,0.30,84.7,99.8,65,0.05,101.1,97.6,9.42,99.6,41.76789,-74.15556,374.8,11.9,2.71,17.078,
10:30:04 AM,6/3/2026,260603-103002-Mohonk.bin,Mohonk,0,-0.07,734.5,0.23,84.8,99.5,65,0.05,100.7,97.8,9.40,99.8,41.76783,-74.15557,379.2,11.9,2.71,17.268,
10:29:35 AM,6/3/2026,260603-102933-Mohonk.bin,Mohonk,0,-0.06,734.5,0.19,84.8,99.4,65,0.05,100.7,98.2,9.43,100.1,41.76783,-74.15556,379.5,11.9,2.71,17.288,
10:28:53 AM,6/3/2026,260603-102851-Mohonk.bin,Mohonk,0,-0.08,734.5,0.20,84.8,99.4,65,0.05,100.7,98.6,9.47,100.6,41.76786,-74.15555,376.3,11.9,2.71,17.299,
10:28:17 AM,6/3/2026,260603-102814-Mohonk.bin,Mohonk,0,-0.08,734.4,0.25,84.8,99.4,65,0.05,100.6,98.7,9.48,100.7,41.76785,-74.15556,381.0,11.9,2.71,17.315,
10:27:47 AM,6/3/2026,260603-102745-Mohonk.bin,Mohonk,0,-0.07,734.4,0.26,84.9,99.4,65,0.05,100.6,98.9,9.48,100.9,41.76789,-74.15559,387.0,11.9,2.71,17.381,
10:27:05 AM,6/3/2026,260603-102702-Mohonk.bin,Mohonk,0,-0.08,734.5,0.31,85.1,99.4,65,0.05,100.6,98.9,9.47,100.9,41.76790,-74.15555,387.2,11.9,2.71,17.472,
10:26:36 AM,6/3/2026,260603-102634-Mohonk.bin,Mohonk,0,-0.10,734.5,0.23,85.1,99.2,64,0.05,100.4,99.0,9.46,101.0,41.76783,-74.15557,375.8,11.9,2.71,17.536,
10:25:41 AM,6/3/2026,260603-102538-Mohonk.bin,Mohonk,0,-0.14,734.4,0.16,85.9,99.2,64,0.05,100.4,99.7,9.43,101.7,41.76785,-74.15554,382.7,11.9,2.71,17.996,
10:25:11 AM,6/3/2026,260603-102508-Mohonk.bin,Mohonk,0,-0.18,734.4,0.16,86.2,99.3,65,0.05,100.5,99.8,9.43,101.8,41.76786,-74.15554,383.2,11.9,2.71,18.076,
10:24:37 AM,6/3/2026,260603-102435-Mohonk.bin,Mohonk,0,-0.19,734.5,0.21,85.8,98.8,64,0.05,99.9,99.9,9.43,101.9,41.76801,-74.15578,414.9,11.9,2.71,18.140,
10:23:55 AM,6/3/2026,260603-102352-Mohonk.bin,Mohonk,0,-0.22,734.4,0.17,85.4,98.2,64,0.05,99.3,95.1,8.97,97.1,41.76810,-74.15596,416.6,11.9,2.71,18.186,
10:25:59 AM,5/27/2026,260527-102557-Mohonk.bin,Mohonk,0,1.42,725.8,19.15,66.6,106.6,69,0.05,108.2,42.6,5.39,43.5,41.76794,-74.15559,388.5,11.9,2.72,5.354,
10:25:49 AM,5/27/2026,260527-102547-Mohonk.bin,Mohonk,0,1.15,725.8,0.87,65.7,105.1,68,0.05,106.7,46.5,5.88,47.4,41.76796,-74.15560,392.1,11.9,2.72,5.362,
10:25:42 AM,5/27/2026,260527-102540-Mohonk.bin,Mohonk,0,1.18,725.7,1.82,65.2,104.3,68,0.05,105.9,48.5,6.14,49.5,41.76797,-74.15561,394.6,11.9,2.72,5.368,
10:25:33 AM,5/27/2026,260527-102531-Mohonk.bin,Mohonk,0,1.20,725.8,1.54,64.8,103.6,67,0.05,105.2,49.9,6.31,50.9,41.76799,-74.15563,398.0,11.9,2.72,5.378,
10:24:37 AM,5/27/2026,260527-102435-Mohonk.bin,Mohonk,0,1.59,725.7,3.08,64.5,103.0,67,0.05,104.6,59.1,7.46,60.3,41.76791,-74.15560,393.6,11.9,2.72,5.448,
10:24:29 AM,5/27/2026,260527-102426-Mohonk.bin,Mohonk,0,1.63,725.7,2.34,64.4,102.7,67,0.05,104.3,61.2,7.71,62.4,41.76791,-74.15559,392.7,11.9,2.72,5.489,
10:24:16 AM,5/27/2026,260527-102414-Mohonk.bin,Mohonk,0,1.58,725.8,2.49,64.4,102.5,67,0.05,104.0,63.5,7.99,64.8,41.76792,-74.15559,383.7,11.9,2.72,5.562,
10:24:07 AM,5/27/2026,260527-102405-Mohonk.bin,Mohonk,0,1.71,725.6,4.06,64.5,102.5,67,0.05,104.1,64.6,8.12,65.9,41.76791,-74.15558,382.7,11.9,2.72,5.614,
10:23:46 AM,5/27/2026,260527-102344-Mohonk.bin,Mohonk,0,1.55,725.7,3.34,65.8,104.0,68,0.05,105.6,67.3,8.42,68.6,41.76791,-74.15559,385.7,11.9,2.72,5.779,
10:23:37 AM,5/27/2026,260527-102334-Mohonk.bin,Mohonk,0,1.53,725.8,4.12,66.6,104.9,68,0.05,106.6,69.7,8.69,71.1,41.76792,-74.15557,386.4,11.9,2.72,5.889,
10:23:28 AM,5/27/2026,260527-102326-Mohonk.bin,Mohonk,0,1.53,725.7,2.45,66.9,105.0,68,0.05,106.7,72.5,9.02,73.9,41.76793,-74.15558,388.3,11.9,2.72,5.994,
10:23:22 AM,5/27/2026,260527-102319-Mohonk.bin,Mohonk,0,1.46,725.8,5.52,66.9,104.7,68,0.05,106.3,75.1,9.32,76.6,41.76794,-74.15559,390.2,12.0,2.72,6.099,
10:23:13 AM,5/27/2026,260527-102311-Mohonk.bin,Mohonk,0,1.35,725.8,2.87,66.8,104.4,68,0.05,106.0,77.7,9.63,79.3,41.76794,-74.15561,392.4,11.9,2.72,6.167,
10:22:51 AM,5/27/2026,260527-102249-Mohonk.bin,Mohonk,0,1.10,725.7,2.58,66.1,102.1,66,0.05,103.8,86.4,10.61,88.2,41.76794,-74.15560,406.4,11.9,2.72,6.536,
10:22:42 AM,5/27/2026,260527-102240-Mohonk.bin,Mohonk,0,0.98,725.8,3.04,66.2,101.8,66,0.05,103.5,92.0,11.25,93.9,41.76794,-74.15560,410.8,11.9,2.72,6.704,
10:22:32 AM,5/27/2026,260527-102230-Mohonk.bin,Mohonk,0,0.87,725.8,1.17,66.5,101.5,66,0.05,103.2,94.4,11.47,96.3,41.76794,-74.15562,405.6,11.9,2.72,6.942,
10:22:24 AM,5/27/2026,260527-102222-Mohonk.bin,Mohonk,0,0.81,725.7,0.91,66.8,101.3,66,0.05,103.1,99.8,12.06,101.8,41.76793,-74.15561,401.3,11.9,2.72,7.156,
10:22:04 AM,5/27/2026,260527-102202-Mohonk.bin,Mohonk,0,0.87,725.8,0.68,67.6,101.5,66,0.05,103.2,103.7,12.43,105.8,41.76791,-74.15559,403.5,11.9,2.72,7.502,
10:21:42 AM,5/27/2026,260527-102140-Mohonk.bin,Mohonk,0,0.70,725.7,0.58,67.6,100.9,66,0.05,102.6,107.7,12.83,109.9,41.76790,-74.15559,395.6,11.9,2.72,7.740,
10:21:28 AM,5/27/2026,260527-102126-Mohonk.bin,Mohonk,0,0.66,725.8,0.62,68.6,100.9,66,0.05,102.7,111.2,13.08,113.4,41.76791,-74.15558,379.5,11.9,2.72,8.249,
10:21:19 AM,5/27/2026,260527-102117-Mohonk.bin,Mohonk,0,0.69,725.8,0.60,69.1,100.6,65,0.05,102.4,113.0,13.17,115.2,41.76791,-74.15557,377.6,11.9,2.72,8.629,
10:21:12 AM,5/27/2026,260527-102110-Mohonk.bin,Mohonk,0,0.69,725.8,0.65,69.8,100.6,65,0.05,102.4,114.3,13.23,116.6,41.76791,-74.15556,382.0,11.9,2.72,8.946,
10:21:05 AM,5/27/2026,260527-102103-Mohonk.bin,Mohonk,0,0.66,725.8,0.74,70.2,100.6,65,0.05,102.4,115.1,13.25,117.4,41.76791,-74.15556,385.5,11.9,2.72,9.175,
10:20:56 AM,5/27/2026,260527-102054-Mohonk.bin,Mohonk,0,0.62,725.8,0.66,70.8,100.7,65,0.05,102.5,115.9,13.24,118.2,41.76793,-74.15556,387.6,11.9,2.72,9.450,
10:20:22 AM,5/27/2026,260527-102020-Mohonk.bin,Mohonk,0,0.52,725.8,0.68,73.4,101.3,66,0.05,103.1,117.7,13.10,120.1,41.76792,-74.15556,390.1,11.9,2.72,10.560,
10:20:14 AM,5/27/2026,260527-102011-Mohonk.bin,Mohonk,0,0.56,725.8,0.63,74.1,101.2,66,0.05,102.9,118.0,13.00,120.4,41.76792,-74.15559,385.1,11.9,2.72,11.000,
10:19:46 AM,5/27/2026,260527-101944-Mohonk.bin,Mohonk,0,0.47,725.7,0.70,75.4,101.3,66,0.05,103.0,112.0,12.17,114.3,41.76793,-74.15562,389.1,12.0,2.72,11.621,
10:19:37 AM,5/27/2026,260527-101935-Mohonk.bin,Mohonk,0,0.43,725.8,0.66,77.2,101.9,66,0.05,103.6,110.5,11.82,112.7,41.76793,-74.15562,390.3,11.9,2.72,12.287,
10:19:28 AM,5/27/2026,260527-101926-Mohonk.bin,Mohonk,0,0.38,725.8,0.62,79.0,103.3,67,0.05,105.0,108.1,11.47,110.3,41.76793,-74.15562,388.5,11.9,2.72,12.661,
10:19:20 AM,5/27/2026,260527-101918-Mohonk.bin,Mohonk,0,0.33,725.8,0.57,80.1,102.0,66,0.05,103.6,106.9,11.06,109.1,41.76793,-74.15562,390.2,11.9,2.72,13.778,
10:19:12 AM,5/27/2026,260527-101910-Mohonk.bin,Mohonk,0,0.33,725.7,0.50,80.5,101.4,66,0.05,103.0,107.2,10.98,109.4,41.76794,-74.15562,393.3,11.9,2.72,14.249,
10:18:51 AM,5/27/2026,260527-101849-Mohonk.bin,Mohonk,0,0.33,725.8,0.55,81.3,100.9,66,0.05,102.5,104.7,10.60,106.8,41.76782,-74.15569,416.2,12.0,2.72,14.812,
10:18:42 AM,5/27/2026,260527-101840-Mohonk.bin,Mohonk,0,0.27,725.8,0.56,81.8,100.6,65,0.05,102.1,103.0,10.34,105.1,41.76776,-74.15572,431.2,11.9,2.72,15.195,
10:18:34 AM,5/27/2026,260527-101832-Mohonk.bin,Mohonk,0,0.20,725.8,0.44,82.3,100.2,65,0.05,101.7,101.7,10.11,103.7,41.76777,-74.15573,437.7,11.9,2.72,15.657,
10:18:24 AM,5/27/2026,260527-101822-Mohonk.bin,Mohonk,0,0.16,725.7,0.36,82.8,100.0,65,0.05,101.4,100.7,9.93,102.7,41.76777,-74.15575,443.7,11.9,2.72,16.011,
10:18:17 AM,5/27/2026,260527-101815-Mohonk.bin,Mohonk,0,0.14,725.7,0.33,83.0,99.7,65,0.05,101.1,100.8,9.89,102.8,41.76773,-74.15578,454.2,11.9,2.72,16.223,
10:17:50 AM,5/27/2026,260527-101748-Mohonk.bin,Mohonk,0,0.10,725.7,0.31,83.3,99.3,65,0.05,100.6,101.8,9.92,103.8,41.76784,-74.15560,389.6,11.9,2.72,16.568,
10:17:42 AM,5/27/2026,260527-101740-Mohonk.bin,Mohonk,0,0.09,725.8,0.33,83.4,99.2,64,0.05,100.5,102.0,9.92,104.1,41.76784,-74.15561,394.8,11.9,2.72,16.674,
10:17:34 AM,5/27/2026,260527-101731-Mohonk.bin,Mohonk,0,0.05,725.8,0.30,83.5,99.1,64,0.05,100.5,101.9,9.89,103.9,41.76783,-74.15561,397.8,11.9,2.72,16.755,
10:17:26 AM,5/27/2026,260527-101724-Mohonk.bin,Mohonk,0,0.05,725.7,0.27,83.8,99.2,64,0.05,100.5,101.8,9.85,103.8,41.76784,-74.15561,399.3,11.9,2.72,16.909,
10:17:02 AM,5/27/2026,260527-101700-Mohonk.bin,Mohonk,0,0.04,725.8,0.25,84.7,99.4,65,0.05,100.7,99.6,9.57,101.6,41.76785,-74.15556,386.0,11.9,2.72,17.240,
10:16:54 AM,5/27/2026,260527-101652-Mohonk.bin,Mohonk,0,0.04,725.8,0.24,85.6,99.7,65,0.05,101.0,99.1,9.46,101.1,41.76782,-74.15556,389.8,12.0,2.72,17.586,
10:16:46 AM,5/27/2026,260527-101644-Mohonk.bin,Mohonk,0,0.02,725.8,0.23,86.2,99.6,65,0.05,100.8,98.8,9.36,100.8,41.76781,-74.15560,398.1,11.9,2.72,17.946,
10:16:20 AM,5/27/2026,260527-101617-Mohonk.bin,Mohonk,0,0.02,725.8,0.19,86.3,99.1,64,0.05,100.2,99.6,9.38,101.6,41.76785,-74.15561,387.2,11.9,2.72,18.254,
10:16:11 AM,5/27/2026,260527-101609-Mohonk.bin,Mohonk,0,-0.02,725.7,0.19,86.3,99.0,64,0.05,100.2,99.5,9.37,101.5,41.76785,-74.15562,387.1,11.9,2.72,18.269,
10:16:04 AM,5/27/2026,260527-101602-Mohonk.bin,Mohonk,0,-0.03,725.8,0.18,86.4,99.1,64,0.05,100.2,99.5,9.36,101.5,41.76784,-74.15562,388.9,11.9,2.72,18.315,
10:15:55 AM,5/27/2026,260527-101552-Mohonk.bin,Mohonk,0,-0.08,725.8,0.15,86.5,99.0,64,0.05,100.1,99.4,9.33,101.4,41.76784,-74.15560,390.2,12.0,2.72,18.388,
10:15:48 AM,5/27/2026,260527-101546-Mohonk.bin,Mohonk,0,-0.09,725.8,0.14,86.6,99.0,64,0.05,100.2,99.1,9.30,101.1,41.76784,-74.15554,384.2,11.9,2.72,18.410,
10:15:39 AM,5/27/2026,260527-101536-Mohonk.bin,Mohonk,0,-0.08,725.8,0.15,86.7,99.2,64,0.05,100.3,98.5,9.24,100.5,41.76785,-74.15553,378.2,11.9,2.72,18.431,
10:15:25 AM,5/27/2026,260527-101523-Mohonk.bin,Mohonk,0,-0.08,725.7,0.16,87.8,100.0,65,0.05,101.1,96.9,9.06,98.9,41.76786,-74.15551,377.4,11.9,2.72,18.595,
10:15:11 AM,5/27/2026,260527-101508-Mohonk.bin,Mohonk,0,1.99,725.8,0.20,89.3,101.5,66,0.05,102.5,94.0,8.77,95.9,41.76791,-74.15551,378.0,11.9,2.72,18.749,
10:12:53 AM,5/27/2026,260527-101250-Mohonk.bin,Mohonk,0,5.79,725.7,0.22,0.0,0.0,0,0.00,0.0,94.4,8.05,96.3,0.00000,0.00000,0.0,11.9,2.72,23.321,
12:49:31 PM,5/21/2026,260521-124928-Mohonk.bin,Mohonk,0,2.10,734.5,1.94,67.9,108.8,71,0.05,110.4,33.1,4.19,33.8,41.76799,-74.15569,372.7,11.9,2.73,5.312,
12:49:09 PM,5/21/2026,260521-124907-Mohonk.bin,Mohonk,0,1.78,734.5,5.52,67.3,107.9,70,0.05,109.5,35.8,4.53,36.5,41.76794,-74.15562,360.5,11.9,2.73,5.308,
12:48:15 PM,5/21/2026,260521-124813-Mohonk.bin,Mohonk,0,1.25,734.5,2.44,65.8,105.4,69,0.05,107.0,40.8,5.17,41.7,41.76794,-74.15560,341.6,11.9,2.73,5.328,
12:47:40 PM,5/21/2026,260521-124738-Mohonk.bin,Mohonk,0,1.19,734.5,1.74,65.6,105.0,68,0.05,106.6,44.5,5.63,45.4,41.76795,-74.15556,373.7,11.9,2.73,5.345,
12:46:58 PM,5/21/2026,260521-124656-Mohonk.bin,Mohonk,0,1.18,734.5,2.43,65.5,104.7,68,0.05,106.3,48.6,6.14,49.5,41.76787,-74.15559,383.6,11.9,2.73,5.374,
12:46:28 PM,5/21/2026,260521-124626-Mohonk.bin,Mohonk,0,1.37,734.5,2.83,65.1,103.9,68,0.05,105.5,53.8,6.78,54.8,41.76788,-74.15559,384.9,11.9,2.73,5.456,
12:46:00 PM,5/21/2026,260521-124557-Mohonk.bin,Mohonk,0,1.62,734.5,3.29,64.8,103.0,67,0.05,104.6,58.0,7.30,59.1,41.76786,-74.15558,380.2,11.9,2.73,5.546,
12:45:30 PM,5/21/2026,260521-124528-Mohonk.bin,Mohonk,0,1.48,734.5,2.70,64.8,102.8,67,0.05,104.4,60.4,7.59,61.6,41.76785,-74.15558,387.5,11.9,2.73,5.641,
12:44:53 PM,5/21/2026,260521-124451-Mohonk.bin,Mohonk,0,1.50,734.4,2.66,64.9,102.7,67,0.05,104.3,64.3,8.05,65.5,41.76788,-74.15557,391.0,11.9,2.73,5.741,
12:44:26 PM,5/21/2026,260521-124424-Mohonk.bin,Mohonk,0,1.55,734.5,5.12,64.8,102.3,66,0.05,103.9,69.0,8.63,70.4,41.76783,-74.15559,382.3,11.9,2.73,5.843,
12:43:59 PM,5/21/2026,260521-124356-Mohonk.bin,Mohonk,0,1.34,734.5,1.64,64.7,101.9,66,0.05,103.5,73.2,9.12,74.6,41.76787,-74.15558,383.2,11.9,2.73,5.915,
12:43:29 PM,5/21/2026,260521-124327-Mohonk.bin,Mohonk,0,1.17,734.4,2.05,64.7,101.4,66,0.05,103.0,78.9,9.81,80.5,41.76787,-74.15557,379.6,11.9,2.73,6.057,
12:42:42 PM,5/21/2026,260521-124240-Mohonk.bin,Mohonk,0,1.09,734.4,1.64,64.9,101.1,66,0.05,102.7,83.4,10.32,85.1,41.76789,-74.15555,389.0,11.9,2.73,6.243,
12:42:10 PM,5/21/2026,260521-124208-Mohonk.bin,Mohonk,0,1.09,734.4,1.61,65.2,101.1,66,0.05,102.7,87.0,10.72,88.8,41.76791,-74.15555,390.7,11.9,2.73,6.399,
12:41:38 PM,5/21/2026,260521-124136-Mohonk.bin,Mohonk,0,1.02,734.3,1.65,65.6,101.2,66,0.05,102.8,92.7,11.36,94.5,41.76790,-74.15556,387.8,11.9,2.73,6.606,
12:41:09 PM,5/21/2026,260521-124106-Mohonk.bin,Mohonk,0,0.90,734.5,1.32,66.1,101.0,66,0.05,102.7,97.3,11.83,99.2,41.76791,-74.15557,388.2,11.9,2.73,6.909,
12:40:32 PM,5/21/2026,260521-124030-Mohonk.bin,Mohonk,0,0.85,734.4,1.16,66.9,101.2,66,0.05,102.9,100.2,12.08,102.2,41.76794,-74.15557,392.7,11.9,2.73,7.235,
12:40:04 PM,5/21/2026,260521-124001-Mohonk.bin,Mohonk,0,0.80,734.5,0.94,67.7,101.7,66,0.05,103.4,102.7,12.30,104.8,41.76796,-74.15555,404.7,11.9,2.73,7.522,
12:39:39 PM,5/21/2026,260521-123936-Mohonk.bin,Mohonk,0,0.69,734.5,0.71,68.2,101.6,66,0.05,103.4,105.9,12.61,108.1,41.76793,-74.15557,393.7,11.9,2.73,7.776,
12:39:10 PM,5/21/2026,260521-123908-Mohonk.bin,Mohonk,0,0.60,734.4,0.59,69.2,101.7,66,0.05,103.4,109.7,12.90,111.9,41.76797,-74.15556,393.9,11.9,2.73,8.288,
12:38:41 PM,5/21/2026,260521-123839-Mohonk.bin,Mohonk,0,0.61,734.5,0.54,70.3,101.1,66,0.05,102.9,113.3,13.08,115.6,41.76797,-74.15556,395.4,11.9,2.73,9.050,
12:38:06 PM,5/21/2026,260521-123803-Mohonk.bin,Mohonk,0,0.57,734.5,0.65,72.7,102.3,66,0.05,104.1,115.3,13.05,117.6,41.76795,-74.15557,377.6,11.9,2.73,9.860,
12:37:39 PM,5/21/2026,260521-123737-Mohonk.bin,Mohonk,0,0.61,734.5,0.80,73.7,102.2,66,0.05,104.0,116.2,12.98,118.5,41.76792,-74.15559,365.6,11.9,2.73,10.433,
12:37:11 PM,5/21/2026,260521-123708-Mohonk.bin,Mohonk,0,0.52,734.5,0.67,74.1,101.1,66,0.05,102.9,116.5,12.82,118.8,41.76793,-74.15559,363.5,11.9,2.73,11.050,
12:36:43 PM,5/21/2026,260521-123641-Mohonk.bin,Mohonk,0,0.52,734.5,0.72,75.5,101.5,66,0.05,103.2,114.8,12.49,117.1,41.76796,-74.15558,363.3,11.9,2.73,11.578,
12:36:09 PM,5/21/2026,260521-123607-Mohonk.bin,Mohonk,0,0.56,734.5,0.94,76.9,101.6,66,0.05,103.3,111.4,11.92,113.6,41.76802,-74.15556,361.0,11.9,2.73,12.280,
12:35:30 PM,5/21/2026,260521-123528-Mohonk.bin,Mohonk,0,0.45,734.5,0.72,78.6,101.9,66,0.05,103.6,106.2,11.18,108.3,41.76808,-74.15553,359.3,11.9,2.73,13.036,
12:34:59 PM,5/21/2026,260521-123456-Mohonk.bin,Mohonk,0,0.37,734.5,0.62,78.8,100.5,65,0.05,102.2,104.6,10.85,106.7,41.76802,-74.15553,359.2,11.9,2.73,13.678,
12:34:19 PM,5/21/2026,260521-123417-Mohonk.bin,Mohonk,0,0.32,734.5,0.58,79.3,100.2,65,0.05,101.8,105.2,10.82,107.4,41.76796,-74.15556,367.3,11.9,2.73,14.101,
12:33:45 PM,5/21/2026,260521-123342-Mohonk.bin,Mohonk,0,0.27,734.5,0.51,80.0,99.8,65,0.05,101.4,106.5,10.83,108.6,41.76788,-74.15559,364.1,11.9,2.73,14.589,
12:33:12 PM,5/21/2026,260521-123310-Mohonk.bin,Mohonk,0,0.27,734.4,0.60,80.9,99.9,65,0.05,101.4,106.9,10.76,109.1,41.76790,-74.15558,365.8,11.9,2.73,15.075,
12:32:39 PM,5/21/2026,260521-123237-Mohonk.bin,Mohonk,0,0.26,734.5,0.55,81.8,100.0,65,0.05,101.5,107.0,10.69,109.1,41.76793,-74.15558,368.2,12.0,2.73,15.431,
12:32:02 PM,5/21/2026,260521-123200-Mohonk.bin,Mohonk,0,0.24,734.4,0.60,82.4,100.0,65,0.05,101.5,108.1,10.73,110.3,41.76793,-74.15558,371.2,11.9,2.73,15.748,
12:31:34 PM,5/21/2026,260521-123131-Mohonk.bin,Mohonk,0,0.20,734.4,0.49,83.0,99.9,65,0.05,101.3,109.1,10.74,111.3,41.76791,-74.15558,378.7,11.9,2.73,16.123,
12:30:56 PM,5/21/2026,260521-123054-Mohonk.bin,Mohonk,0,0.17,734.4,0.47,83.4,99.8,65,0.05,101.2,109.5,10.72,111.7,41.76791,-74.15559,385.2,11.9,2.73,16.383,
12:30:25 PM,5/21/2026,260521-123023-Mohonk.bin,Mohonk,0,0.20,734.5,0.50,83.7,99.7,65,0.05,101.1,109.8,10.70,112.0,41.76793,-74.15557,390.9,11.9,2.73,16.584,
12:29:44 PM,5/21/2026,260521-122942-Mohonk.bin,Mohonk,0,0.13,734.4,0.48,84.5,100.0,65,0.05,101.3,109.7,10.63,111.9,41.76791,-74.15557,390.6,11.9,2.73,16.875,
12:29:19 PM,5/21/2026,260521-122917-Mohonk.bin,Mohonk,0,0.15,734.4,0.46,85.0,99.9,65,0.05,101.2,110.2,10.61,112.5,41.76792,-74.15556,391.7,11.9,2.73,17.213,
12:28:18 PM,5/21/2026,260521-122816-Mohonk.bin,Mohonk,0,0.11,734.3,0.45,86.1,100.0,65,0.05,101.2,111.3,10.59,113.5,41.76790,-74.15556,385.8,11.9,2.73,17.712,
12:27:43 PM,5/21/2026,260521-122740-Mohonk.bin,Mohonk,0,0.06,734.4,0.41,86.5,99.9,65,0.05,101.1,112.1,10.62,114.3,41.76793,-74.15556,391.4,11.9,2.73,17.952,
12:27:06 PM,5/21/2026,260521-122704-Mohonk.bin,Mohonk,0,0.04,734.4,0.38,86.9,99.8,65,0.05,100.9,112.5,10.60,114.8,41.76797,-74.15559,385.2,12.0,2.73,18.241,
12:25:31 PM,5/21/2026,260521-122529-Mohonk.bin,Mohonk,0,0.07,734.4,0.36,87.2,99.2,65,0.05,100.3,110.7,10.34,113.0,41.76794,-74.15559,368.1,11.9,2.73,18.670,
12:24:59 PM,5/21/2026,260521-122457-Mohonk.bin,Mohonk,0,0.03,734.5,0.33,88.0,99.7,65,0.05,100.7,105.8,9.84,107.9,41.76789,-74.15559,374.8,11.9,2.73,18.870,
12:24:18 PM,5/21/2026,260521-122416-Mohonk.bin,Mohonk,0,0.00,734.5,0.22,88.8,99.6,65,0.05,100.6,101.9,9.39,103.9,41.76788,-74.15557,373.0,11.9,2.73,19.317,
12:28:22 PM,5/11/2026,260511-122819-Mohonk.bin,Mohonk,0,3.11,730.4,3.63,65.4,105.2,68,0.05,106.8,47.2,5.99,48.1,41.76789,-74.15555,384.5,11.9,2.75,5.189,
12:27:48 PM,5/11/2026,260511-122746-Mohonk.bin,Mohonk,0,1.57,730.3,2.99,64.9,104.4,68,0.05,105.9,49.3,6.26,50.2,41.76788,-74.15553,381.0,11.9,2.75,5.192,
12:26:59 PM,5/11/2026,260511-122657-Mohonk.bin,Mohonk,0,1.60,730.5,3.98,64.7,104.1,68,0.05,105.6,51.0,6.47,52.0,41.76789,-74.15557,375.9,11.9,2.75,5.197,
12:26:34 PM,5/11/2026,260511-122631-Mohonk.bin,Mohonk,0,1.54,730.4,2.75,64.6,103.8,67,0.05,105.3,52.6,6.68,53.7,41.76792,-74.15561,367.6,11.9,2.75,5.213,
12:26:03 PM,5/11/2026,260511-122601-Mohonk.bin,Mohonk,0,1.50,730.4,2.24,64.3,103.4,67,0.05,104.9,54.5,6.91,55.6,41.76787,-74.15563,358.4,11.9,2.75,5.227,
12:25:34 PM,5/11/2026,260511-122532-Mohonk.bin,Mohonk,0,1.62,730.3,2.27,64.6,103.6,67,0.05,105.2,56.0,7.09,57.1,41.76786,-74.15569,350.3,11.9,2.75,5.296,
12:25:10 PM,5/11/2026,260511-122508-Mohonk.bin,Mohonk,0,1.36,730.4,1.44,64.8,103.7,67,0.05,105.3,58.5,7.40,59.7,41.76781,-74.15562,354.9,11.9,2.75,5.347,
12:24:47 PM,5/11/2026,260511-122445-Mohonk.bin,Mohonk,0,1.78,730.4,4.37,64.5,103.0,67,0.05,104.5,61.9,7.82,63.2,41.76780,-74.15557,373.4,11.9,2.75,5.452,
12:24:24 PM,5/11/2026,260511-122422-Mohonk.bin,Mohonk,0,1.81,730.3,2.77,64.0,102.0,66,0.05,103.6,65.0,8.19,66.3,41.76793,-74.15559,375.8,11.9,2.75,5.491,
12:23:59 PM,5/11/2026,260511-122357-Mohonk.bin,Mohonk,0,1.69,730.4,4.29,64.0,101.9,66,0.05,103.5,67.2,8.47,68.6,41.76797,-74.15563,369.3,11.9,2.75,5.535,
12:23:35 PM,5/11/2026,260511-122333-Mohonk.bin,Mohonk,0,1.53,730.4,3.03,64.0,101.7,66,0.05,103.2,69.4,8.72,70.8,41.76801,-74.15565,365.0,11.9,2.75,5.595,
12:23:07 PM,5/11/2026,260511-122305-Mohonk.bin,Mohonk,0,1.45,730.4,3.81,64.1,101.5,66,0.05,103.1,71.9,9.02,73.3,41.76797,-74.15560,365.6,11.9,2.75,5.683,
12:22:42 PM,5/11/2026,260511-122240-Mohonk.bin,Mohonk,0,1.29,730.4,2.41,64.1,101.4,66,0.05,102.9,74.6,9.34,76.1,41.76798,-74.15563,369.4,11.9,2.75,5.758,
12:22:18 PM,5/11/2026,260511-122216-Mohonk.bin,Mohonk,0,1.14,730.5,2.14,64.3,101.2,66,0.05,102.8,77.8,9.71,79.3,41.76795,-74.15556,374.5,11.9,2.75,5.881,
12:21:47 PM,5/11/2026,260511-122145-Mohonk.bin,Mohonk,0,1.13,730.4,1.41,64.7,101.4,66,0.05,103.0,82.4,10.24,84.1,41.76792,-74.15559,371.5,11.9,2.75,6.085,
12:21:19 PM,5/11/2026,260511-122116-Mohonk.bin,Mohonk,0,1.04,730.5,3.05,65.0,101.3,66,0.05,102.9,85.9,10.62,87.6,41.76789,-74.15557,374.6,11.9,2.75,6.232,
12:20:56 PM,5/11/2026,260511-122054-Mohonk.bin,Mohonk,0,1.04,730.4,1.20,65.4,101.7,66,0.05,103.3,89.6,11.05,91.4,41.76790,-74.15559,372.5,11.9,2.75,6.327,
12:20:32 PM,5/11/2026,260511-122030-Mohonk.bin,Mohonk,0,1.09,730.4,2.89,65.8,101.3,66,0.05,103.0,94.6,11.58,96.5,41.76788,-74.15556,377.9,11.9,2.75,6.628,
12:20:07 PM,5/11/2026,260511-122005-Mohonk.bin,Mohonk,0,1.03,730.4,3.15,66.6,101.8,66,0.05,103.5,97.9,11.92,99.9,41.76789,-74.15558,375.4,11.9,2.75,6.899,
12:19:43 PM,5/11/2026,260511-121941-Mohonk.bin,Mohonk,0,1.01,730.4,2.34,66.9,101.5,66,0.05,103.2,100.7,12.16,102.7,41.76788,-74.15556,378.4,11.9,2.75,7.169,
12:19:20 PM,5/11/2026,260511-121918-Mohonk.bin,Mohonk,0,0.91,730.4,2.23,67.8,101.6,66,0.05,103.3,104.0,12.44,106.0,41.76789,-74.15558,371.8,11.9,2.75,7.577,
12:18:55 PM,5/11/2026,260511-121853-Mohonk.bin,Mohonk,0,0.83,730.5,2.02,68.3,101.2,66,0.05,102.9,106.2,12.57,108.3,41.76788,-74.15559,371.2,11.9,2.75,7.989,
12:18:14 PM,5/11/2026,260511-121811-Mohonk.bin,Mohonk,0,0.73,730.5,1.77,68.5,100.5,65,0.05,102.3,108.8,12.79,111.0,41.76786,-74.15557,373.0,11.9,2.75,8.307,
12:17:48 PM,5/11/2026,260511-121746-Mohonk.bin,Mohonk,0,0.64,730.5,1.57,69.1,100.4,65,0.05,102.1,110.0,12.81,112.2,41.76789,-74.15557,373.1,11.9,2.75,8.659,
12:17:24 PM,5/11/2026,260511-121722-Mohonk.bin,Mohonk,0,0.50,730.6,1.17,69.7,100.5,65,0.05,102.3,109.9,12.72,112.1,41.76791,-74.15560,370.4,11.9,2.75,8.935,
12:17:01 PM,5/11/2026,260511-121659-Mohonk.bin,Mohonk,0,0.44,730.5,0.88,70.5,100.5,65,0.05,102.3,109.6,12.55,111.8,41.76795,-74.15562,371.2,11.9,2.75,9.361,
12:16:36 PM,5/11/2026,260511-121633-Mohonk.bin,Mohonk,0,0.39,730.6,0.80,71.5,101.0,66,0.05,102.8,106.8,12.13,108.9,41.76791,-74.15563,373.4,11.9,2.75,9.714,
12:16:09 PM,5/11/2026,260511-121606-Mohonk.bin,Mohonk,0,0.31,730.5,0.64,74.5,102.1,66,0.05,103.9,103.2,11.41,105.3,41.76803,-74.15562,372.5,11.9,2.75,10.845,
12:15:44 PM,5/11/2026,260511-121542-Mohonk.bin,Mohonk,0,0.28,730.5,0.49,76.1,101.0,66,0.05,102.7,98.0,10.53,99.9,41.76787,-74.15556,371.8,11.9,2.75,12.090,
12:15:20 PM,5/11/2026,260511-121518-Mohonk.bin,Mohonk,0,0.29,730.5,0.43,76.6,99.2,64,0.05,100.8,97.6,10.26,99.5,41.76786,-74.15562,367.3,12.0,2.75,13.085,
12:14:53 PM,5/11/2026,260511-121451-Mohonk.bin,Mohonk,0,0.21,730.5,0.34,76.6,99.1,64,0.05,100.7,97.6,10.25,99.5,41.76796,-74.15568,365.4,11.9,2.75,13.125,
12:14:27 PM,5/11/2026,260511-121425-Mohonk.bin,Mohonk,0,0.24,730.5,0.42,76.7,99.1,64,0.05,100.8,97.5,10.23,99.4,41.76797,-74.15562,368.6,11.9,2.75,13.159,
12:14:02 PM,5/11/2026,260511-121400-Mohonk.bin,Mohonk,0,0.29,730.6,0.62,76.7,99.0,64,0.05,100.7,97.7,10.24,99.7,41.76792,-74.15561,369.5,11.9,2.75,13.219,
12:13:36 PM,5/11/2026,260511-121334-Mohonk.bin,Mohonk,0,0.23,730.4,0.44,76.8,99.0,64,0.05,100.6,97.9,10.25,99.9,41.76791,-74.15560,375.2,11.9,2.75,13.265,
12:13:13 PM,5/11/2026,260511-121310-Mohonk.bin,Mohonk,0,0.26,730.5,0.50,76.8,98.9,64,0.05,100.6,97.9,10.25,99.9,41.76787,-74.15564,365.9,11.9,2.75,13.292,
12:12:48 PM,5/11/2026,260511-121246-Mohonk.bin,Mohonk,0,0.19,730.5,0.46,76.8,98.9,64,0.05,100.6,97.9,10.25,99.9,41.76789,-74.15569,359.5,11.9,2.75,13.300,
12:12:21 PM,5/11/2026,260511-121218-Mohonk.bin,Mohonk,0,0.23,730.4,0.51,76.9,98.9,64,0.05,100.5,98.0,10.25,100.0,41.76791,-74.15568,353.7,11.9,2.75,13.349,
12:11:55 PM,5/11/2026,260511-121153-Mohonk.bin,Mohonk,0,0.22,730.6,0.43,76.9,98.8,64,0.05,100.4,98.1,10.25,100.0,41.76789,-74.15563,0.0,11.9,2.75,13.372,
12:10:59 PM,5/11/2026,260511-121056-Mohonk.bin,Mohonk,0,0.28,730.5,0.51,76.9,98.8,64,0.05,100.4,98.2,10.26,100.2,41.76790,-74.15569,380.3,11.9,2.75,13.379,
12:10:25 PM,5/11/2026,260511-121023-Mohonk.bin,Mohonk,0,0.25,730.5,0.57,76.9,98.8,64,0.05,100.4,98.4,10.27,100.4,41.76788,-74.15558,379.4,11.9,2.75,13.403,
12:10:02 PM,5/11/2026,260511-121000-Mohonk.bin,Mohonk,0,0.30,730.6,0.48,77.0,98.8,64,0.05,100.4,98.4,10.27,100.4,41.76793,-74.15554,377.7,11.9,2.75,13.444,
12:09:37 PM,5/11/2026,260511-120935-Mohonk.bin,Mohonk,0,0.23,730.5,0.56,77.1,98.7,64,0.05,100.3,98.4,10.24,100.4,41.76796,-74.15559,376.8,11.9,2.75,13.523,
12:09:14 PM,5/11/2026,260511-120912-Mohonk.bin,Mohonk,0,0.23,730.6,0.47,77.2,98.7,64,0.05,100.3,98.5,10.25,100.5,41.76789,-74.15550,378.0,11.9,2.75,13.569,
12:08:38 PM,5/11/2026,260511-120836-Mohonk.bin,Mohonk,0,0.19,730.5,0.44,77.2,98.7,64,0.05,100.3,98.7,10.26,100.7,41.76789,-74.15556,378.5,11.9,2.75,13.609,
12:08:14 PM,5/11/2026,260511-120812-Mohonk.bin,Mohonk,0,0.17,730.5,0.39,77.4,98.7,64,0.05,100.4,98.9,10.27,100.9,41.76787,-74.15553,378.7,11.9,2.75,13.658,
12:07:47 PM,5/11/2026,260511-120745-Mohonk.bin,Mohonk,0,0.10,730.5,0.31,77.5,98.6,64,0.05,100.2,99.2,10.27,101.2,0.00000,0.00000,0.0,12.0,2.75,13.770,
12:07:18 PM,5/11/2026,260511-120715-Mohonk.bin,Mohonk,0,0.09,730.4,0.28,77.5,98.6,64,0.05,100.2,99.2,10.26,101.2,0.00000,0.00000,0.0,11.9,2.74,13.814,
12:06:32 PM,5/11/2026,260511-120629-Mohonk.bin,Mohonk,0,0.03,730.6,0.22,78.1,98.8,64,0.05,100.4,98.5,10.14,100.5,0.00000,0.00000,0.0,11.9,2.74,14.045,
